Run;JS 16;WASM 16;JS 32;WASM 32;JS 64;WASM 64;JS 128;WASM 128;JS 256;WASM 256;JS 512;WASM 512;JS 768;WASM 768;JS 1024;WASM 1024;
0;6.799999999930151;1;8.199999999953434;0.40000000002328306;17.79999999993015;0.9000000000232831;25.400000000023283;1.099999999976717;8.300000000046566;3.099999999976717;20.100000000093132;9.399999999906868;43.59999999997672;21.300000000046566;56.90000000002328;36.5;
1;1.400000000023283;0.09999999997671694;0.7999999999301508;0.10000000009313226;0.9000000000232831;0.39999999990686774;3.199999999953434;0.5999999999767169;4.099999999976717;2.299999999930151;15.300000000046566;9.199999999953434;31.699999999953434;20.400000000023283;72.20000000006985;35.79999999993015;
2;1.099999999976717;0.10000000009313226;0.5999999999767169;0.09999999997671694;0.5999999999767169;0.30000000004656613;2;0.5999999999767169;4.599999999976717;2.300000000046566;15.199999999953434;9.099999999976717;31.599999999976717;20.400000000023283;55.40000000002328;36.09999999997672;
3;1.1999999999534339;0;0.6000000000931323;0.09999999997671694;0.6999999999534339;0.2000000000698492;1.900000000023283;0.6999999999534339;3.900000000023283;2.200000000069849;14.699999999953434;9.20000000006985;31.800000000046566;20.199999999953434;58.199999999953434;36.199999999953434;
4;1.3000000000465661;0;0.6999999999534339;0;0.6999999999534339;0.19999999995343387;1.8000000000465661;0.5999999999767169;4;2.199999999953434;15.300000000046566;9.29999999993015;32.59999999997672;20.300000000046566;55.699999999953434;36.40000000002328;
5;2.099999999976717;0;0.5999999999767169;0.10000000009313226;0.8999999999068677;0.10000000009313226;1.599999999976717;0.5999999999767169;4;2.200000000069849;15.199999999953434;9.20000000006985;32.29999999993015;20.600000000093132;55.199999999953434;36.800000000046566;
6;1.400000000023283;0;1.3000000000465661;0;3.300000000046566;0.2999999999301508;8.300000000046566;0.5999999999767169;4.700000000069849;2.299999999930151;14.399999999906868;9.100000000093132;32.300000000046566;20.5;67.5;36.300000000046566;
7;2.200000000069849;0;0.6999999999534339;0;0.9000000000232831;0.2000000000698492;1.6999999999534339;0.5999999999767169;4.5;2.299999999930151;15.900000000023283;9.20000000006985;33.29999999993015;20.70000000006985;55.20000000006985;36.5;
8;2.099999999976717;0;0.7000000000698492;0;0.8000000000465661;0.2999999999301508;1.5;0.5999999999767169;4.099999999976717;2.299999999930151;15.5;9.20000000006985;32.40000000002328;20.599999999976717;55;36.59999999997672;
9;2.099999999976717;0;0.6999999999534339;0;1;0.09999999997671694;1.599999999976717;0.5;4.100000000093132;2.299999999930151;15.800000000046566;9.29999999993015;32.199999999953434;20.599999999976717;64.90000000002328;36.199999999953434;
10;2.299999999930151;0.10000000009313226;0.5;0;0.9000000000232831;0.09999999997671694;1.599999999976717;0.6000000000931323;4.099999999976717;2.299999999930151;15.79999999993015;9.5;32;20.699999999953434;56.39999999990687;36.10000000009313;
11;2.200000000069849;0;0.7000000000698492;0;1;0.19999999995343387;1.599999999976717;0.6000000000931323;4.299999999930151;2.300000000046566;14.599999999976717;9.100000000093132;43.5;20.5;54.70000000006985;35.90000000002328;
12;1.2000000000698492;0.09999999997671694;1.5;0;0.9000000000232831;0.2000000000698492;1.2999999999301508;0.5999999999767169;4.199999999953434;2.199999999953434;15.5;9.29999999993015;32.09999999997672;20.29999999993015;58.09999999997672;36.5;
13;2.099999999976717;0.10000000009313226;0.5999999999767169;0;0.9000000000232831;0.19999999995343387;1.8000000000465661;0.5999999999767169;4.300000000046566;2.300000000046566;15.099999999976717;9.300000000046566;31.900000000023283;20.5;58.70000000006985;36.5;
14;2;0;0.7000000000698492;0;1;0.19999999995343387;2.1000000000931323;0.5999999999767169;4.299999999930151;2.1000000000931323;16.5;9.5;31.800000000046566;20.400000000023283;56.5;35.90000000002328;
15;2.5;0;0.6999999999534339;0;0.9000000000232831;0.19999999995343387;1.5;0.5999999999767169;3.8999999999068677;2.300000000046566;16.900000000023283;11;32.20000000006985;20.699999999953434;56.59999999997672;36.300000000046566;
16;2.199999999953434;0;0.6000000000931323;0.09999999997671694;1.099999999976717;0.09999999997671694;1.7000000000698492;0.5;4.5;2.400000000023283;15.899999999906868;9;32.89999999990687;20.5;55.79999999993015;36.800000000046566;
17;2.200000000069849;0;1.1999999999534339;0;0.6999999999534339;0.2000000000698492;1.6999999999534339;0.5999999999767169;4;2.300000000046566;14.800000000046566;9.199999999953434;33.300000000046566;20.5;61.699999999953434;36.59999999997672;
18;2.199999999953434;0.10000000009313226;0.6999999999534339;0;1;0;1.7000000000698492;0.5999999999767169;4.299999999930151;2.300000000046566;14.800000000046566;9.099999999976717;33.90000000002328;21.099999999976717;56;36.199999999953434;
19;2.1000000000931323;0;1.2999999999301508;0;0.8999999999068677;0.2000000000698492;1.400000000023283;0.6999999999534339;4;2.400000000023283;15.5;9.300000000046566;31.900000000023283;22.199999999953434;54.90000000002328;37.40000000002328;
20;1.3999999999068677;0;1.2999999999301508;0.10000000009313226;1;0.19999999995343387;1.8000000000465661;0.5999999999767169;4.300000000046566;2.400000000023283;14.699999999953434;9.099999999976717;32.29999999993015;22;55.59999999997672;36.90000000002328;
21;1.1000000000931323;0.09999999997671694;1.2000000000698492;0;1;0.09999999997671694;1.6999999999534339;0.6000000000931323;4.099999999976717;2.300000000046566;15.099999999976717;9;42;20.599999999976717;56.10000000009313;36.29999999993015;
22;2;0;0.7000000000698492;0.09999999997671694;0.9000000000232831;0.19999999995343387;1.599999999976717;0.5999999999767169;4.5;2.300000000046566;16.5;9.20000000006985;31.699999999953434;20.5;58.29999999993015;36.40000000002328;
23;2;0.10000000009313226;0.6999999999534339;0.09999999997671694;0.7000000000698492;0.19999999995343387;1.7000000000698492;0.5999999999767169;4.300000000046566;2.3999999999068677;15.100000000093132;9.399999999906868;42.79999999993015;20.400000000023283;65.19999999995343;36.5;
24;2;0;0.5999999999767169;0.09999999997671694;0.6999999999534339;0.09999999997671694;1.8000000000465661;0.5999999999767169;4.099999999976717;2.400000000023283;15.599999999976717;9.199999999953434;32;20.399999999906868;55.800000000046566;36.79999999993015;
25;2.199999999953434;0.09999999997671694;0.7000000000698492;0.09999999997671694;0.9000000000232831;0.2999999999301508;1.599999999976717;0.7000000000698492;4.400000000023283;2.300000000046566;15.099999999976717;9.300000000046566;41.300000000046566;20.5;56;36.699999999953434;
26;1.7999999999301508;0;0.5999999999767169;0.09999999997671694;0.6999999999534339;0.10000000009313226;1.599999999976717;0.5999999999767169;4.600000000093132;2.299999999930151;14.900000000023283;9.400000000023283;43.5;20.400000000023283;64.30000000004657;35.699999999953434;
27;2.400000000023283;0;0.5;0.09999999997671694;1.1000000000931323;0.19999999995343387;1.599999999976717;0.5999999999767169;4;2.400000000023283;15.900000000023283;9.300000000046566;34.199999999953434;20.70000000006985;56;37;
28;2.3999999999068677;0;0.5999999999767169;0.09999999997671694;0.9000000000232831;0.09999999997671694;1.8000000000465661;0.5;4.300000000046566;2.3999999999068677;15.900000000023283;9.099999999976717;31.599999999976717;22.5;55.40000000002328;36.90000000002328;
29;2.200000000069849;0;0.6999999999534339;0;1.2000000000698492;0.19999999995343387;2.200000000069849;0.5999999999767169;4;2.299999999930151;14.70000000006985;9.5;32;20.900000000023283;66.19999999995343;36.90000000002328;
30;2.299999999930151;0;0.5;0.09999999997671694;0.6999999999534339;0.2000000000698492;2.400000000023283;0.5;4.099999999976717;2.300000000046566;15.29999999993015;9.300000000046566;32.20000000006985;20.699999999953434;55.20000000006985;36.79999999993015;
31;2;0.09999999997671694;0.7000000000698492;0;1;0.19999999995343387;1.7000000000698492;0.5;4.400000000023283;2.299999999930151;15.20000000006985;9.400000000023283;32.300000000046566;20.599999999976717;56.5;36.90000000002328;
32;2;0.09999999997671694;0.6999999999534339;0.10000000009313226;1.099999999976717;0.09999999997671694;1.6999999999534339;0.7000000000698492;4.299999999930151;2.400000000023283;15.70000000006985;9;32.20000000006985;21;55.09999999997672;36.40000000002328;
33;2.199999999953434;0.09999999997671694;0.5999999999767169;0.09999999997671694;0.7999999999301508;0.10000000009313226;1.5;0.6999999999534339;4.300000000046566;2.299999999930151;15.29999999993015;9.20000000006985;33.699999999953434;20.599999999976717;55.5;36.40000000002328;
34;1.900000000023283;0.09999999997671694;0.5999999999767169;0;0.8000000000465661;0.19999999995343387;1.400000000023283;0.5999999999767169;4.100000000093132;2.299999999930151;15;9.300000000046566;31.70000000006985;20.5;55.5;36.199999999953434;
35;2.400000000023283;0;0.6999999999534339;0.10000000009313226;0.6999999999534339;0.2000000000698492;1.2999999999301508;0.5;4.099999999976717;2.199999999953434;15.800000000046566;9.29999999993015;31.79999999993015;20.400000000023283;55.5;36.79999999993015;
36;1.900000000023283;0;0.5999999999767169;0.09999999997671694;1;0.09999999997671694;1.7000000000698492;0.6999999999534339;4.200000000069849;2.599999999976717;15.400000000023283;9.099999999976717;33;20.300000000046566;56.300000000046566;36.40000000002328;
37;2.299999999930151;0;0.7000000000698492;0;1;0.09999999997671694;1.599999999976717;0.6000000000931323;4.799999999930151;2.400000000023283;15.099999999976717;9.300000000046566;31.5;20.5;64.40000000002328;36.59999999997672;
38;2;0;0.6999999999534339;0.09999999997671694;0.9000000000232831;0.09999999997671694;1.6999999999534339;0.5999999999767169;4.199999999953434;2.300000000046566;15.29999999993015;9.300000000046566;32.5;20.20000000006985;65.09999999997672;36.60000000009313;
39;2.199999999953434;0;0.5999999999767169;0.09999999997671694;0.6999999999534339;0.30000000004656613;1.599999999976717;0.5999999999767169;4.199999999953434;2.300000000046566;14.699999999953434;9.20000000006985;31.900000000023283;20.599999999976717;64.5;36.5;
40;2;0;0.5999999999767169;0;0.7000000000698492;0.19999999995343387;1.599999999976717;0.5;4.100000000093132;2.299999999930151;15.300000000046566;9.5;33.40000000002328;20.599999999976717;54.89999999990687;36.800000000046566;
41;2.299999999930151;0;0.6999999999534339;0;0.9000000000232831;0.19999999995343387;1.8000000000465661;0.5;4.200000000069849;2.5;14.900000000023283;9.29999999993015;32.09999999997672;21.199999999953434;59.59999999997672;36.5;
42;2.5;0.09999999997671694;0.5999999999767169;0.09999999997671694;0.8000000000465661;0.19999999995343387;1.5;0.6000000000931323;4.199999999953434;2.400000000023283;15.400000000023283;9.400000000023283;32.699999999953434;21;55;36.39999999990687;
43;1.3000000000465661;0.09999999997671694;1.400000000023283;0;0.5999999999767169;0.2000000000698492;1.5;0.5999999999767169;3.900000000023283;2.300000000046566;15.400000000023283;9.199999999953434;32.300000000046566;20.699999999953434;55.59999999997672;37;
44;1.8000000000465661;0.09999999997671694;0.7000000000698492;0;0.5999999999767169;0.09999999997671694;1.1999999999534339;0.5999999999767169;4.099999999976717;2.400000000023283;15.70000000006985;9.099999999976717;31.600000000093132;20.29999999993015;55.90000000002328;36.300000000046566;
45;2.200000000069849;0.09999999997671694;0.8000000000465661;0;1.099999999976717;0.09999999997671694;1.6000000000931323;0.5999999999767169;4.599999999976717;2.400000000023283;15;9.099999999976717;31.29999999993015;20.300000000046566;59.29999999993015;36.300000000046566;
46;2.200000000069849;0.09999999997671694;0.6999999999534339;0;0.8999999999068677;0.10000000009313226;1.599999999976717;0.5999999999767169;4.099999999976717;2.300000000046566;15.599999999976717;9.400000000023283;32;20.20000000006985;55.90000000002328;36.59999999997672;
47;2.199999999953434;0;1.099999999976717;0.19999999995343387;1.900000000023283;0.30000000004656613;2.900000000023283;1.1999999999534339;6.600000000093132;3.3999999999068677;18;9.5;31.5;20.400000000023283;55.70000000006985;36.09999999997672;
48;1;0.09999999997671694;1.3000000000465661;0;1.099999999976717;0.2000000000698492;1.7999999999301508;0.5;4.100000000093132;2.299999999930151;16.100000000093132;9.29999999993015;32.300000000046566;20.599999999976717;55.59999999997672;37.09999999997672;
49;2.299999999930151;0;0.7999999999301508;0;0.7999999999301508;0.09999999997671694;1.3999999999068677;0.6000000000931323;4.099999999976717;2.400000000023283;15.099999999976717;9.099999999976717;32;20.400000000023283;65.90000000002328;36.70000000006985;
50;2.099999999976717;0;0.6999999999534339;0;1.1000000000931323;0.2999999999301508;2.200000000069849;0.7999999999301508;4.600000000093132;2.3999999999068677;15.29999999993015;9.099999999976717;32.20000000006985;20.599999999976717;55.20000000006985;36.90000000002328;
51;2.199999999953434;0;0.7999999999301508;0;1;0.2000000000698492;1.7999999999301508;0.6000000000931323;4.199999999953434;2.400000000023283;15.400000000023283;9.199999999953434;32.39999999990687;21;55;36.5;
52;2.1000000000931323;0;0.5999999999767169;0;0.9000000000232831;0.19999999995343387;1.7000000000698492;0.5;4.5;2.299999999930151;15.199999999953434;9.300000000046566;33.29999999993015;20.900000000023283;54.89999999990687;36.40000000002328;
53;2.099999999976717;0;0.6000000000931323;0.19999999995343387;0.5999999999767169;0.2000000000698492;1.5;0.5999999999767169;4.199999999953434;2.300000000046566;15.199999999953434;9.300000000046566;41.60000000009313;20.699999999953434;55.39999999990687;36;
54;2.199999999953434;0;0.5999999999767169;0.09999999997671694;0.5999999999767169;0.2000000000698492;1.5;0.5;3.900000000023283;2.299999999930151;15.900000000023283;9.20000000006985;31.800000000046566;20.399999999906868;55.90000000002328;36.5;
55;2.200000000069849;0;0.5;0.09999999997671694;0.5999999999767169;0.19999999995343387;1.6000000000931323;0.5999999999767169;4;2.300000000046566;15.900000000023283;9.699999999953434;33.90000000002328;20.400000000023283;55.40000000002328;36.800000000046566;
56;2.199999999953434;0;0.7000000000698492;0;0.7999999999301508;0.09999999997671694;1.400000000023283;0.5;4.200000000069849;2.199999999953434;15.400000000023283;9.099999999976717;32.59999999997672;20.5;55.40000000002328;36.59999999997672;
57;2;0;0.5;0.09999999997671694;0.6000000000931323;0.19999999995343387;1.599999999976717;0.7000000000698492;4.199999999953434;2.400000000023283;14.900000000023283;9.099999999976717;32.800000000046566;20.800000000046566;55.5;37.09999999997672;
58;2.199999999953434;0;0.7000000000698492;0;0.9000000000232831;0.09999999997671694;1.6999999999534339;0.5;4.299999999930151;2.300000000046566;16.099999999976717;9.20000000006985;32.300000000046566;20.79999999993015;58.40000000002328;37;
59;2.099999999976717;0;0.7000000000698492;0.09999999997671694;0.9000000000232831;0.09999999997671694;1.599999999976717;0.6000000000931323;4.5;2.199999999953434;15.300000000046566;9.29999999993015;34.29999999993015;21.099999999976717;54.90000000002328;36.699999999953434;
60;2.200000000069849;0;0.5999999999767169;0.10000000009313226;1.1999999999534339;0.09999999997671694;1.7000000000698492;0.5999999999767169;4;2.300000000046566;15.699999999953434;9.300000000046566;32.199999999953434;20.600000000093132;57.5;35.90000000002328;
61;1.3999999999068677;0;1.1999999999534339;0.2000000000698492;0.8999999999068677;0.2000000000698492;1.3000000000465661;0.5999999999767169;3.900000000023283;2.5;15.099999999976717;9.199999999953434;33.59999999997672;20.599999999976717;55.79999999993015;36.5;
62;2.199999999953434;0;0.7000000000698492;0.09999999997671694;1.400000000023283;0.09999999997671694;1.3000000000465661;0.5999999999767169;4.100000000093132;2.199999999953434;15;9.400000000023283;32.20000000006985;20.699999999953434;55.70000000006985;36.59999999997672;
63;2.1000000000931323;0;0.6999999999534339;0;0.7000000000698492;0.19999999995343387;1.6999999999534339;0.6000000000931323;4.299999999930151;2.400000000023283;16;9.099999999976717;32.09999999997672;20.599999999976717;55.59999999997672;36.699999999953434;
64;2.099999999976717;0.09999999997671694;0.5;0;0.5999999999767169;0.19999999995343387;1.400000000023283;0.5999999999767169;7.700000000069849;4.099999999976717;18.599999999976717;9.400000000023283;32.199999999953434;20.900000000023283;55.90000000002328;36.800000000046566;
65;2.099999999976717;0;0.6000000000931323;0.09999999997671694;0.5;0.19999999995343387;1.6000000000931323;0.5;4.299999999930151;2.400000000023283;16.20000000006985;9.399999999906868;32.199999999953434;20.800000000046566;64.29999999993015;37.09999999997672;
66;2;0;0.5;0;0.8000000000465661;0.19999999995343387;1.900000000023283;0.5;4;2.300000000046566;16;9.300000000046566;32.09999999997672;21;55.699999999953434;37.800000000046566;
67;2.300000000046566;0;0.7999999999301508;0;0.9000000000232831;0.2000000000698492;1.5;0.5999999999767169;4.099999999976717;2.300000000046566;15.099999999976717;9.300000000046566;37.300000000046566;20.800000000046566;65.5;37;
68;2.299999999930151;0.09999999997671694;0.6000000000931323;0.09999999997671694;0.9000000000232831;0.19999999995343387;1.599999999976717;0.5999999999767169;4.400000000023283;2.300000000046566;15;9.400000000023283;32.40000000002328;21;55.40000000002328;37.09999999997672;
69;2.099999999976717;0;0.6999999999534339;0.10000000009313226;1.099999999976717;0.09999999997671694;1.5;0.7000000000698492;4.099999999976717;2.400000000023283;15.699999999953434;9.5;32.59999999997672;20.800000000046566;55.40000000002328;37.5;
70;1.8000000000465661;0;0.5;0.09999999997671694;0.9000000000232831;0.19999999995343387;1.599999999976717;0.5999999999767169;4.599999999976717;2.300000000046566;15.20000000006985;9.29999999993015;33.29999999993015;21.100000000093132;64.19999999995343;38.90000000002328;
71;2;0.09999999997671694;0.5999999999767169;0;0.8000000000465661;0.19999999995343387;1.599999999976717;0.5999999999767169;4.100000000093132;2.599999999976717;15.199999999953434;9.300000000046566;33;21.20000000006985;55.20000000006985;38.79999999993015;
72;2.299999999930151;0;1.2999999999301508;0;0.9000000000232831;0.2000000000698492;1.7999999999301508;0.5999999999767169;4.200000000069849;2.199999999953434;15.800000000046566;9.400000000023283;42.09999999997672;21.400000000023283;64;39.800000000046566;
73;2.299999999930151;0;0.8000000000465661;0.09999999997671694;0.8000000000465661;0.19999999995343387;1.6000000000931323;0.5999999999767169;4.400000000023283;2.3999999999068677;15.29999999993015;9.300000000046566;41.20000000006985;21.099999999976717;65;37.79999999993015;
74;2.099999999976717;0;0.7999999999301508;0;0.9000000000232831;0;1.3000000000465661;0.5999999999767169;4.200000000069849;2.3999999999068677;15.800000000046566;9.400000000023283;32.59999999997672;21.100000000093132;55.5;37.59999999997672;
75;2.3999999999068677;0;0.6999999999534339;0.09999999997671694;1;0.2000000000698492;1.6999999999534339;0.5999999999767169;4.5;2.300000000046566;15.5;9.300000000046566;32.300000000046566;21.29999999993015;55.5;37.09999999997672;
76;2.299999999930151;0;0.6000000000931323;0;0.6999999999534339;0.09999999997671694;1.5;0.5999999999767169;4.199999999953434;2.300000000046566;15.400000000023283;9.400000000023283;32.09999999997672;21.099999999976717;54.79999999993015;37.09999999997672;
77;2;0.09999999997671694;0.5999999999767169;0.10000000009313226;0.7999999999301508;0.2000000000698492;1.5;0.6999999999534339;4.100000000093132;2.3999999999068677;15.599999999976717;9.400000000023283;32;20.800000000046566;55.5;37.40000000002328;
78;2.200000000069849;0;0.6999999999534339;0.09999999997671694;1.1000000000931323;0.19999999995343387;1.599999999976717;0.5999999999767169;4.799999999930151;2.400000000023283;15.099999999976717;9.400000000023283;33.300000000046566;21;56.20000000006985;37.199999999953434;
79;2.200000000069849;0.09999999997671694;1.5;0.09999999997671694;1.2999999999301508;0.30000000004656613;2.700000000069849;1.099999999976717;6.700000000069849;3.199999999953434;16.400000000023283;9.300000000046566;34.800000000046566;21;55.199999999953434;37.40000000002328;
80;1.8999999999068677;0;0.6999999999534339;0;0.7000000000698492;0.09999999997671694;1.6999999999534339;0.7000000000698492;4;2.400000000023283;16.5;9.699999999953434;31.300000000046566;21;55.90000000002328;37.199999999953434;
81;2.099999999976717;0;0.5999999999767169;0.10000000009313226;1;0.19999999995343387;1.6999999999534339;0.6000000000931323;4.299999999930151;2.599999999976717;14.699999999953434;9.5;31.900000000023283;21;55.699999999953434;37.5;
82;1.6999999999534339;0;0.5;0.2000000000698492;1.400000000023283;0.09999999997671694;1.400000000023283;0.6999999999534339;4.099999999976717;2.300000000046566;14.70000000006985;9.599999999976717;32.300000000046566;21.099999999976717;55.5;37.40000000002328;
83;2.3999999999068677;0;0.5;0.09999999997671694;0.9000000000232831;0.09999999997671694;1.599999999976717;0.6000000000931323;4.099999999976717;2.400000000023283;16.099999999976717;9.599999999976717;32.59999999997672;21.29999999993015;55.800000000046566;37.59999999997672;
84;2.300000000046566;0.09999999997671694;0.6999999999534339;0;0.8000000000465661;0.19999999995343387;1.599999999976717;0.5999999999767169;4.300000000046566;2.299999999930151;14.699999999953434;9.5;32.40000000002328;21.70000000006985;55.40000000002328;37.59999999997672;
85;2.300000000046566;0;1.1999999999534339;0.09999999997671694;1.2000000000698492;0.09999999997671694;1.7999999999301508;0.7000000000698492;4.299999999930151;2.400000000023283;15.300000000046566;9.5;32.40000000002328;21.099999999976717;55.199999999953434;38.300000000046566;
86;1.7999999999301508;0.10000000009313226;0.7999999999301508;0;1.099999999976717;0.10000000009313226;1.599999999976717;0.6999999999534339;4;2.300000000046566;15.099999999976717;9.400000000023283;31.900000000023283;21.20000000006985;56.300000000046566;37.79999999993015;
87;2.099999999976717;0;1.2000000000698492;0.09999999997671694;1.099999999976717;0.2000000000698492;1.7999999999301508;0.6000000000931323;4.099999999976717;2.5;15.699999999953434;9.5;42.699999999953434;21.800000000046566;55.300000000046566;36.89999999990687;
88;1.099999999976717;0.09999999997671694;1.3999999999068677;0.10000000009313226;1.099999999976717;0.19999999995343387;1.7000000000698492;0.5999999999767169;4;2.400000000023283;15.199999999953434;9.599999999976717;32;21;59;37.09999999997672;
89;2.199999999953434;0;0.7000000000698492;0.09999999997671694;0.9000000000232831;0.19999999995343387;1.8000000000465661;0.5999999999767169;4.300000000046566;2.599999999976717;15.199999999953434;9.300000000046566;31.800000000046566;20.599999999976717;67.30000000004657;37.5;
90;1.900000000023283;0;0.7000000000698492;0.09999999997671694;0.8000000000465661;0.09999999997671694;1.599999999976717;0.6000000000931323;4.799999999930151;2.300000000046566;15.199999999953434;9.600000000093132;43.90000000002328;20.79999999993015;56.09999999997672;37.300000000046566;
91;2.400000000023283;0.09999999997671694;0.6000000000931323;0.09999999997671694;0.7999999999301508;0.10000000009313226;1.6999999999534339;0.5999999999767169;4.099999999976717;2.400000000023283;14.5;9.5;34.199999999953434;20.900000000023283;56.199999999953434;37.40000000002328;
92;1.900000000023283;0.19999999995343387;0.8000000000465661;0;1;0.09999999997671694;1.8000000000465661;0.6999999999534339;3.900000000023283;2.400000000023283;16.699999999953434;9.800000000046566;31.599999999976717;20.900000000023283;55.79999999993015;37.5;
93;2.099999999976717;0.09999999997671694;0.6000000000931323;0.09999999997671694;0.9000000000232831;0.19999999995343387;1.6999999999534339;0.6000000000931323;4.299999999930151;2.400000000023283;14.900000000023283;9.5;32.60000000009313;21;55.90000000002328;37.5;
94;2.099999999976717;0;0.5;0.09999999997671694;0.5999999999767169;0.09999999997671694;1.5;0.6000000000931323;3.8999999999068677;2.300000000046566;14.900000000023283;9.5;33.800000000046566;21.099999999976717;55.5;37.59999999997672;
95;2.400000000023283;0;0.7999999999301508;0;0.8999999999068677;0.2000000000698492;1.599999999976717;0.5;4.200000000069849;2.400000000023283;15.599999999976717;9.5;35.09999999997672;21.20000000006985;55.5;37.70000000006985;
96;2.200000000069849;0;0.6999999999534339;0;0.9000000000232831;0.09999999997671694;1.599999999976717;0.5;4.099999999976717;2.400000000023283;15.400000000023283;9.5;43.5;21.20000000006985;55.199999999953434;38.5;
97;1.900000000023283;0;0.6999999999534339;0;0.9000000000232831;0.09999999997671694;1.6999999999534339;0.5;4.200000000069849;2.3999999999068677;24.600000000093132;10.5;34.09999999997672;21.099999999976717;55.699999999953434;38.800000000046566;
98;2.300000000046566;0;0.5999999999767169;0;1.099999999976717;0.09999999997671694;1.599999999976717;0.5;4.099999999976717;2.400000000023283;15.899999999906868;9.5;32.29999999993015;21.099999999976717;55.5;37.90000000002328;
99;2.300000000046566;0;0.6999999999534339;0;1;0.30000000004656613;1.8000000000465661;0.5;3.900000000023283;2.299999999930151;14.899999999906868;9.400000000023283;32.29999999993015;21.70000000006985;55.300000000046566;38;
100;2.099999999976717;0.10000000009313226;0.6999999999534339;0;1.099999999976717;0.2000000000698492;1.7999999999301508;0.5;4.299999999930151;2.400000000023283;16.300000000046566;9.199999999953434;31.699999999953434;21.199999999953434;58.29999999993015;36.90000000002328;
101;2.1000000000931323;0.09999999997671694;0.6999999999534339;0;1.2000000000698492;0.19999999995343387;1.7000000000698492;0.7999999999301508;4.099999999976717;2.400000000023283;15.300000000046566;9.399999999906868;31.79999999993015;21.20000000006985;55.5;37.29999999993015;
102;2;0;0.7000000000698492;0;0.7999999999301508;0.2000000000698492;1.6999999999534339;0.5;4.199999999953434;2.400000000023283;16.29999999993015;9.5;33.79999999993015;21;55.59999999997672;37.5;
103;2.200000000069849;0;0.5;0.09999999997671694;0.8000000000465661;0.19999999995343387;1.599999999976717;0.7000000000698492;4.5;2.299999999930151;15.599999999976717;10.199999999953434;33.90000000002328;21.599999999976717;60.79999999993015;37.300000000046566;
104;2.200000000069849;0;0.6999999999534339;0;1;0.2000000000698492;1.7999999999301508;0.6000000000931323;4.5;2.3999999999068677;15.199999999953434;9.300000000046566;31.5;20.400000000023283;59;37.300000000046566;
105;2.1000000000931323;0;1.5;0;0.9000000000232831;0.2999999999301508;1.7000000000698492;0.5999999999767169;4.099999999976717;2.400000000023283;16.199999999953434;10.600000000093132;31.599999999976717;20.5;55.59999999997672;36.90000000002328;
106;1.900000000023283;0;0.5;0.09999999997671694;1;0.10000000009313226;1.599999999976717;0.5999999999767169;4.099999999976717;2.400000000023283;15.800000000046566;9.400000000023283;33.79999999993015;20.900000000023283;55.70000000006985;36.79999999993015;
107;2;0.09999999997671694;1.3000000000465661;0.09999999997671694;0.9000000000232831;0.09999999997671694;1.6000000000931323;0.5;4;2.299999999930151;15.699999999953434;9.5;33.79999999993015;20.800000000046566;55.300000000046566;37.40000000002328;
108;2.099999999976717;0;0.5999999999767169;0.2000000000698492;0.9000000000232831;0.09999999997671694;1.599999999976717;0.5999999999767169;4;2.6000000000931323;15.29999999993015;9.300000000046566;32.800000000046566;22;55.90000000002328;38.5;
109;2.199999999953434;0;1;0.09999999997671694;1.8000000000465661;0.40000000002328306;2.900000000023283;1.1999999999534339;6.5;3.5;17;9.300000000046566;32.199999999953434;20.70000000006985;55.20000000006985;37.79999999993015;
110;2.300000000046566;0;0.5999999999767169;0;1.1999999999534339;0.2000000000698492;2.099999999976717;0.5999999999767169;4.300000000046566;2.299999999930151;15.099999999976717;9.199999999953434;41.29999999993015;20.900000000023283;54.89999999990687;37.60000000009313;
111;2.200000000069849;0.09999999997671694;0.5999999999767169;0.09999999997671694;0.8000000000465661;0.19999999995343387;1.8000000000465661;0.5999999999767169;4.299999999930151;2.400000000023283;15.5;9.400000000023283;33.09999999997672;22;54.699999999953434;37.59999999997672;
112;2;0.09999999997671694;0.6999999999534339;0;1;0.2000000000698492;1.6999999999534339;0.5;4.200000000069849;2.3999999999068677;17;9.29999999993015;31.900000000023283;21.199999999953434;54.90000000002328;36.800000000046566;
113;1.8000000000465661;0;0.7000000000698492;0;1;0.09999999997671694;2.700000000069849;1.400000000023283;7.400000000023283;3.799999999930151;17;9.300000000046566;31.300000000046566;20.699999999953434;55.60000000009313;37.79999999993015;
114;1.400000000023283;0;0.6999999999534339;0;1.099999999976717;0.19999999995343387;1.6999999999534339;0.5;3.800000000046566;2.400000000023283;16.099999999976717;9.300000000046566;32;20.800000000046566;56.09999999997672;36.70000000006985;
115;2;0;0.7000000000698492;0.09999999997671694;1;0.09999999997671694;1.599999999976717;0.6000000000931323;4.5;2.199999999953434;15.099999999976717;9.199999999953434;34.199999999953434;20.70000000006985;55.90000000002328;37.09999999997672;
116;2.099999999976717;0;0.5999999999767169;0.10000000009313226;0.6999999999534339;0.09999999997671694;1.7000000000698492;0.5999999999767169;4.400000000023283;2.299999999930151;15.800000000046566;9.5;31.800000000046566;20.800000000046566;55.800000000046566;37.39999999990687;
117;2;0.09999999997671694;0.8000000000465661;0;1;0.09999999997671694;1.7000000000698492;0.5999999999767169;4.299999999930151;2.5;16.099999999976717;9.599999999976717;32.09999999997672;21;58.699999999953434;37.20000000006985;
118;2.299999999930151;0;0.7000000000698492;0.09999999997671694;1.2000000000698492;0.2999999999301508;2.099999999976717;0.6000000000931323;4.099999999976717;2.300000000046566;14.900000000023283;9.399999999906868;31.699999999953434;21;55.5;37.59999999997672;
119;2.299999999930151;0.09999999997671694;0.7000000000698492;0.09999999997671694;0.9000000000232831;0.19999999995343387;1.7000000000698492;0.5999999999767169;4.300000000046566;2.299999999930151;16.400000000023283;9.300000000046566;32.699999999953434;21;55;37.79999999993015;
120;2.299999999930151;0;0.7999999999301508;0.09999999997671694;0.7000000000698492;0.09999999997671694;1.2000000000698492;0.6999999999534339;4;2.300000000046566;15;9.400000000023283;32.09999999997672;21.20000000006985;69.59999999997672;37.300000000046566;
121;2.200000000069849;0;0.6999999999534339;0;1;0.09999999997671694;1.6999999999534339;0.7000000000698492;4.599999999976717;2.300000000046566;14.800000000046566;9.400000000023283;32;21.199999999953434;68.80000000004657;37.79999999993015;
122;2.5;0;0.8999999999068677;0.10000000009313226;1.400000000023283;0;1.5;0.5;4.100000000093132;2.199999999953434;14.900000000023283;9.400000000023283;33.300000000046566;20.79999999993015;54.89999999990687;37.300000000046566;
123;2.299999999930151;0;0.6999999999534339;0;0.9000000000232831;0.19999999995343387;1.7000000000698492;0.5999999999767169;4.199999999953434;2.300000000046566;16.900000000023283;9.29999999993015;32;21.29999999993015;56;36.800000000046566;
124;1.599999999976717;0;0.7999999999301508;0.09999999997671694;0.6999999999534339;0.09999999997671694;1.400000000023283;0.5999999999767169;4.200000000069849;2.400000000023283;15.099999999976717;9.199999999953434;31.5;20.79999999993015;55.29999999993015;37.300000000046566;
125;2.200000000069849;0;0.6999999999534339;0.10000000009313226;0.7999999999301508;0.2000000000698492;2.5;0.5;4.400000000023283;2.299999999930151;14.5;9.399999999906868;31.79999999993015;20.800000000046566;55.699999999953434;37;
126;1.7999999999301508;0;0.6000000000931323;0.09999999997671694;0.9000000000232831;0.09999999997671694;1.5;0.6999999999534339;3.700000000069849;2.299999999930151;15.699999999953434;9.5;31.800000000046566;20.699999999953434;56;37.09999999997672;
127;2.3999999999068677;0.10000000009313226;0.7999999999301508;0.09999999997671694;0.7000000000698492;0.09999999997671694;1.3000000000465661;0.5999999999767169;4.400000000023283;2.199999999953434;15.899999999906868;9.20000000006985;33.70000000006985;20.79999999993015;55.79999999993015;37;
128;1.900000000023283;0;1.099999999976717;0;1.400000000023283;0.19999999995343387;1.400000000023283;0.5;4.200000000069849;2.299999999930151;27.699999999953434;9.20000000006985;32.59999999997672;21;56.29999999993015;37.20000000006985;
129;1.900000000023283;0;1;0.09999999997671694;1.2000000000698492;0.19999999995343387;1.6999999999534339;0.6000000000931323;4.099999999976717;2.299999999930151;15.20000000006985;9.599999999976717;32;20.900000000023283;55;37.59999999997672;
130;1.8000000000465661;0;0.6999999999534339;0.2000000000698492;0.9000000000232831;0.19999999995343387;1.599999999976717;0.6000000000931323;4;2.400000000023283;15.099999999976717;9.5;32.59999999997672;21.100000000093132;58.40000000002328;37.699999999953434;
131;2.299999999930151;0;0.7999999999301508;0;0.7000000000698492;0.19999999995343387;1.5;0.5999999999767169;3.8999999999068677;2.300000000046566;16.300000000046566;9.400000000023283;34.300000000046566;21.199999999953434;54.800000000046566;37.90000000002328;
132;2.400000000023283;0;0.7000000000698492;0.09999999997671694;1.099999999976717;0.19999999995343387;1.7000000000698492;0.5;4.199999999953434;2.400000000023283;16.400000000023283;9.400000000023283;31.70000000006985;21.5;54.90000000002328;37.40000000002328;
133;1.900000000023283;0;0.8000000000465661;0.09999999997671694;1.1999999999534339;0.2000000000698492;1.6999999999534339;0.6000000000931323;4.299999999930151;2.400000000023283;15;9.599999999976717;32.199999999953434;22.900000000023283;55.199999999953434;38.59999999997672;
134;1.7000000000698492;0.09999999997671694;1;0;1;0.2000000000698492;1.599999999976717;0.6999999999534339;4.5;2.400000000023283;15.800000000046566;9.5;31.800000000046566;22.400000000023283;55.199999999953434;38.40000000002328;
135;2.300000000046566;0;0.6999999999534339;0.09999999997671694;1;0.2000000000698492;1.7999999999301508;0.6000000000931323;4.399999999906868;2.300000000046566;16.599999999976717;9.5;41.40000000002328;21.399999999906868;55.40000000002328;37.09999999997672;
136;2.400000000023283;0;0.7000000000698492;0.09999999997671694;0.5;0.19999999995343387;1.7000000000698492;0.5999999999767169;3.900000000023283;2.400000000023283;16.199999999953434;9.5;31.79999999993015;21;55.40000000002328;37.199999999953434;
137;2.099999999976717;0;0.7000000000698492;0;0.9000000000232831;0.19999999995343387;11.699999999953434;0.6000000000931323;5.799999999930151;3.1000000000931323;16.300000000046566;9.5;31.79999999993015;21.20000000006985;55.59999999997672;37;
138;2.300000000046566;0;0.7000000000698492;0;0.8999999999068677;0.2000000000698492;1.6999999999534339;0.7000000000698492;4.699999999953434;2.300000000046566;15;9.400000000023283;31.5;20.70000000006985;56.10000000009313;37.59999999997672;
139;2.200000000069849;0;0.7999999999301508;0.10000000009313226;0.9000000000232831;0.19999999995343387;1.8000000000465661;0.5999999999767169;4.400000000023283;2.5;15.399999999906868;9.70000000006985;32.199999999953434;21.100000000093132;55.5;37.800000000046566;
140;2;0;0.7000000000698492;0;0.7999999999301508;0.09999999997671694;1.599999999976717;0.5;3.900000000023283;3;15.099999999976717;9.400000000023283;41.70000000006985;21;66.69999999995343;37.90000000002328;
141;2.099999999976717;0;0.6999999999534339;0;0.7000000000698492;0.2999999999301508;1.3000000000465661;0.5;4.400000000023283;2.299999999930151;15.400000000023283;9.800000000046566;31.699999999953434;21;56.29999999993015;37.800000000046566;
142;2.199999999953434;0;0.5999999999767169;0.10000000009313226;1;0.19999999995343387;1.6999999999534339;0.6000000000931323;4.199999999953434;2.400000000023283;15.199999999953434;11.100000000093132;33.40000000002328;21.199999999953434;64.60000000009313;37.699999999953434;
143;2.099999999976717;0;0.5999999999767169;0.09999999997671694;0.8999999999068677;0.2000000000698492;1.5;0.5999999999767169;4.5;2.400000000023283;15;9.599999999976717;32.5;21.199999999953434;55.59999999997672;37.699999999953434;
144;2;0.09999999997671694;1.1999999999534339;0;1;0.2000000000698492;1.6999999999534339;0.5999999999767169;4;2.300000000046566;15.5;9.70000000006985;34;21.199999999953434;59.5;38;
145;1.3999999999068677;0.10000000009313226;1.099999999976717;0.09999999997671694;1.099999999976717;0.2000000000698492;1.7999999999301508;0.6000000000931323;4.199999999953434;2.400000000023283;15.300000000046566;9.5;32.199999999953434;21.300000000046566;55.70000000006985;37.79999999993015;
146;2.199999999953434;0.09999999997671694;0.8000000000465661;0;1.1999999999534339;0.10000000009313226;1.7999999999301508;0.5;4.100000000093132;2.5;16.599999999976717;9.5;39;21.099999999976717;55.59999999997672;37.699999999953434;
147;2.199999999953434;0;0.6999999999534339;0.09999999997671694;1;0.09999999997671694;1.900000000023283;0.5;4.400000000023283;2.400000000023283;15.29999999993015;9.300000000046566;32.39999999990687;20.800000000046566;55.09999999997672;37.59999999997672;
148;1.1999999999534339;0;1.3999999999068677;0.2000000000698492;3.199999999953434;0.2000000000698492;8.699999999953434;0.5999999999767169;4.299999999930151;2.300000000046566;15;9.300000000046566;43.09999999997672;20.900000000023283;55.20000000006985;37.40000000002328;
149;2.300000000046566;0;0.5999999999767169;0.2000000000698492;1.6999999999534339;0.09999999997671694;1.6000000000931323;0.5999999999767169;4.5;2.400000000023283;15.099999999976717;9.400000000023283;33.800000000046566;20.79999999993015;55.199999999953434;37.20000000006985;
150;2.1000000000931323;0;0.6999999999534339;0;1;0.2000000000698492;1.6999999999534339;0.5999999999767169;4.300000000046566;2.5;14.900000000023283;9.400000000023283;41.59999999997672;21.300000000046566;57.90000000002328;37.300000000046566;
151;2.300000000046566;0.09999999997671694;0.5999999999767169;0;0.7000000000698492;0.19999999995343387;1.400000000023283;0.5999999999767169;4.199999999953434;2.599999999976717;15.29999999993015;9.400000000023283;41;21.300000000046566;65.19999999995343;37.300000000046566;
152;2.099999999976717;0;1.5;0.09999999997671694;1.2000000000698492;0.19999999995343387;1.6999999999534339;0.6000000000931323;4.400000000023283;2.3999999999068677;15.600000000093132;9.199999999953434;32.20000000006985;20.79999999993015;58.09999999997672;37.09999999997672;
153;2.200000000069849;0;0.8000000000465661;0;1;0.19999999995343387;1.6999999999534339;0.7000000000698492;4.299999999930151;2.400000000023283;14.70000000006985;9.199999999953434;33.699999999953434;21.099999999976717;55;36.59999999997672;
154;2.099999999976717;0;0.5;0;1;0.2000000000698492;1.900000000023283;0.5999999999767169;4.5;2.400000000023283;15.300000000046566;9.29999999993015;33.5;20.699999999953434;54.70000000006985;36.90000000002328;
155;1.7000000000698492;0.19999999995343387;1.3000000000465661;0;0.6999999999534339;0.2000000000698492;1.5;0.5999999999767169;4;2.300000000046566;23;9.300000000046566;32.699999999953434;20.900000000023283;55.90000000002328;36.79999999993015;
156;1.1999999999534339;0;1.900000000023283;0.2000000000698492;0.7999999999301508;0.2000000000698492;1.2999999999301508;0.5999999999767169;4.099999999976717;2.299999999930151;15.099999999976717;9.5;42.09999999997672;20.900000000023283;55.70000000006985;36.59999999997672;
157;2.299999999930151;0;0.9000000000232831;0.09999999997671694;0.9000000000232831;0.30000000004656613;1.7999999999301508;0.5999999999767169;4.100000000093132;2.299999999930151;15.900000000023283;9.400000000023283;32.10000000009313;20.599999999976717;55.800000000046566;36.90000000002328;
158;2.199999999953434;0;0.5999999999767169;0.09999999997671694;1;0.19999999995343387;1.6999999999534339;0.5;4.200000000069849;2.3999999999068677;15.100000000093132;9.599999999976717;31.800000000046566;20.5;64.20000000006985;36.79999999993015;
159;2.199999999953434;0;0.8000000000465661;0;0.9000000000232831;0.19999999995343387;1.599999999976717;0.5999999999767169;4.100000000093132;2.3999999999068677;16.699999999953434;9.5;31.79999999993015;20.600000000093132;55.59999999997672;36.90000000002328;
160;2.200000000069849;0.09999999997671694;0.5999999999767169;0;0.9000000000232831;0.19999999995343387;1.7000000000698492;0.5999999999767169;4.099999999976717;2.3999999999068677;15.29999999993015;9.20000000006985;32.199999999953434;20.800000000046566;65.40000000002328;36.90000000002328;
161;2.300000000046566;0;0.8000000000465661;0.09999999997671694;0.6999999999534339;0.2000000000698492;1.2999999999301508;0.7000000000698492;4.400000000023283;2.599999999976717;15;9.400000000023283;32.5;20.70000000006985;55.09999999997672;37;
162;2.099999999976717;0;0.5999999999767169;0.09999999997671694;0.8999999999068677;0.2000000000698492;1.599999999976717;0.5999999999767169;4.400000000023283;2.400000000023283;15.400000000023283;9.099999999976717;41.199999999953434;20.70000000006985;54.70000000006985;37.09999999997672;
163;2.099999999976717;0;0.8999999999068677;0;0.8999999999068677;0.10000000009313226;1.599999999976717;0.5;4.200000000069849;2.199999999953434;15.79999999993015;9.20000000006985;33.800000000046566;20.599999999976717;66;37;
164;2.400000000023283;0.09999999997671694;0.8000000000465661;0;1;0.09999999997671694;1.599999999976717;0.6000000000931323;4.299999999930151;2.300000000046566;15.199999999953434;9;32.5;20.5;55.09999999997672;36.60000000009313;
165;2.199999999953434;0.09999999997671694;0.7000000000698492;0.09999999997671694;0.9000000000232831;0.09999999997671694;1.8000000000465661;0.5999999999767169;4.599999999976717;2.300000000046566;15.5;9;32.199999999953434;20.900000000023283;57;36;
166;1.8999999999068677;0.10000000009313226;0.8999999999068677;0.10000000009313226;1.099999999976717;0.19999999995343387;1.7000000000698492;0.5;4;2.299999999930151;15.5;9.20000000006985;31.900000000023283;20.400000000023283;55.40000000002328;36.09999999997672;
167;2.5;0.09999999997671694;1.099999999976717;0.09999999997671694;1.900000000023283;0.30000000004656613;3.099999999976717;1.1999999999534339;6.800000000046566;3.199999999953434;16.5;9.099999999976717;31.599999999976717;20.5;66.70000000006985;36;
168;2.099999999976717;0;0.6000000000931323;0.09999999997671694;0.6999999999534339;0.2000000000698492;1.400000000023283;0.5999999999767169;4.400000000023283;2.199999999953434;16;9;33;20.5;64.70000000006985;36.09999999997672;
169;2.1000000000931323;0;0.5999999999767169;0.09999999997671694;0.9000000000232831;0.19999999995343387;1.7000000000698492;0.5;4.400000000023283;2.299999999930151;15.199999999953434;9.199999999953434;32.199999999953434;20.300000000046566;55.79999999993015;35.90000000002328;
170;2;0;0.6999999999534339;0.09999999997671694;0.9000000000232831;0.2000000000698492;1.7999999999301508;0.5999999999767169;4.199999999953434;2.300000000046566;15.099999999976717;9.20000000006985;31.900000000023283;20.29999999993015;55.59999999997672;36.59999999997672;
171;2.099999999976717;0;0.6999999999534339;0.09999999997671694;0.8999999999068677;0.10000000009313226;1.599999999976717;0.6999999999534339;4.600000000093132;2.299999999930151;15.400000000023283;8.900000000023283;31.800000000046566;20.400000000023283;55.29999999993015;36.09999999997672;
172;1.7999999999301508;0;0.6000000000931323;0.09999999997671694;0.6999999999534339;0.09999999997671694;1.599999999976717;0.6999999999534339;4.300000000046566;2.199999999953434;16.100000000093132;9.399999999906868;32.199999999953434;20.400000000023283;58.800000000046566;36.199999999953434;
173;2.199999999953434;0;0.6000000000931323;0;0.7999999999301508;0.2000000000698492;1.7999999999301508;0.5;4;2.299999999930151;15.100000000093132;9;34.09999999997672;20.5;55;37.59999999997672;
174;2.300000000046566;0;0.5999999999767169;0;1.2999999999301508;0.09999999997671694;1.1999999999534339;0.6000000000931323;4;2.299999999930151;15.100000000093132;9.199999999953434;33.40000000002328;20.400000000023283;57.70000000006985;37.90000000002328;
175;2.099999999976717;0.09999999997671694;0.7000000000698492;0.09999999997671694;0.7000000000698492;0.19999999995343387;1.599999999976717;0.5;4.100000000093132;2.3999999999068677;14.699999999953434;9.20000000006985;40.70000000006985;20.5;62.699999999953434;38.300000000046566;
176;1.2000000000698492;0;1.5;0;1;0.19999999995343387;1.599999999976717;0.5999999999767169;4.199999999953434;2.300000000046566;15.099999999976717;9.099999999976717;35.09999999997672;21;55.199999999953434;38.09999999997672;
177;2;0;0.9000000000232831;0;0.8000000000465661;0.09999999997671694;1.3000000000465661;0.5;4.199999999953434;2.300000000046566;16.5;9.099999999976717;31.899999999906868;22.5;58.5;37.300000000046566;
178;2.299999999930151;0.10000000009313226;0.7999999999301508;0.10000000009313226;1;0.09999999997671694;1.400000000023283;0.5999999999767169;4;2.300000000046566;14.900000000023283;9.199999999953434;41;22.099999999976717;64.59999999997672;37.40000000002328;
179;1.8000000000465661;0;1.2000000000698492;0;0.7999999999301508;0.2000000000698492;1.6999999999534339;0.5999999999767169;4.100000000093132;2.199999999953434;16;9.099999999976717;43.300000000046566;20.699999999953434;56.20000000006985;37.59999999997672;
180;1.400000000023283;0.09999999997671694;1.3999999999068677;0;1.2000000000698492;0.09999999997671694;1.8000000000465661;0.5999999999767169;4.199999999953434;2.300000000046566;15.29999999993015;9.099999999976717;32.09999999997672;21.5;55.90000000002328;36.699999999953434;
181;2.099999999976717;0;0.6999999999534339;0.09999999997671694;0.7999999999301508;0.09999999997671694;1.6999999999534339;0.5999999999767169;4.800000000046566;2.299999999930151;14.79999999993015;9.099999999976717;32.29999999993015;20.400000000023283;64.19999999995343;36.59999999997672;
182;1.7999999999301508;0;1.2000000000698492;0;1;0.09999999997671694;1.599999999976717;0.5999999999767169;4.100000000093132;2.3999999999068677;15.099999999976717;9.099999999976717;32;20.29999999993015;55.699999999953434;36.300000000046566;
183;1.900000000023283;0;0.5;0.10000000009313226;0.6999999999534339;0.19999999995343387;1.6000000000931323;0.5999999999767169;4.400000000023283;2.400000000023283;14.79999999993015;9.20000000006985;31.800000000046566;20.599999999976717;64.60000000009313;36.199999999953434;
184;2;0;0.6000000000931323;0.09999999997671694;0.9000000000232831;0.19999999995343387;1.599999999976717;0.5;4.299999999930151;2.3999999999068677;16;9.29999999993015;31.800000000046566;20.300000000046566;55.70000000006985;36.699999999953434;
185;2;0.09999999997671694;0.7000000000698492;0.09999999997671694;1.099999999976717;0.09999999997671694;1.900000000023283;0.5999999999767169;4.200000000069849;2.299999999930151;15.600000000093132;9.099999999976717;43.5;20.20000000006985;64.59999999997672;36.70000000006985;
186;2.199999999953434;0;0.7999999999301508;0;1;0.10000000009313226;1.6999999999534339;0.5999999999767169;4.200000000069849;2.299999999930151;16;9.300000000046566;31.699999999953434;20.5;55.59999999997672;36.59999999997672;
187;1.2000000000698492;0.09999999997671694;1.400000000023283;0;3.400000000023283;0.19999999995343387;8.600000000093132;0.5999999999767169;4.199999999953434;2.400000000023283;15;9.5;31.800000000046566;20.5;55.90000000002328;36.59999999997672;
188;1.8000000000465661;0;0.5999999999767169;0.09999999997671694;0.7000000000698492;0.19999999995343387;1.400000000023283;0.6999999999534339;4.100000000093132;2.299999999930151;16.300000000046566;9.199999999953434;32.39999999990687;20.5;64.5;36.5;
189;2;0.09999999997671694;1.3999999999068677;0.10000000009313226;0.8999999999068677;0.2000000000698492;1.599999999976717;0.5;4.300000000046566;2.299999999930151;14.900000000023283;9.29999999993015;32.20000000006985;20.5;54.5;36.5;
190;1.099999999976717;0;1.2000000000698492;0.09999999997671694;1;0.09999999997671694;1.6000000000931323;0.6999999999534339;4.099999999976717;2.400000000023283;16.599999999976717;9.099999999976717;32.29999999993015;20.599999999976717;55.09999999997672;37.800000000046566;
191;1.7000000000698492;0;0.5999999999767169;0.09999999997671694;1.099999999976717;0.2000000000698492;1.5;0.5999999999767169;4.200000000069849;2.299999999930151;14.800000000046566;9.29999999993015;31.800000000046566;20.79999999993015;56.199999999953434;36.20000000006985;
192;2;0;0.7000000000698492;0;0.8000000000465661;0.09999999997671694;2.199999999953434;0.6000000000931323;4;2.299999999930151;14.699999999953434;9.400000000023283;32.300000000046566;21;55.59999999997672;36.800000000046566;
193;1;0.09999999997671694;1.400000000023283;0.09999999997671694;1.1000000000931323;0.09999999997671694;1.599999999976717;0.5999999999767169;4.199999999953434;2.300000000046566;16.199999999953434;9.199999999953434;41;20.5;58.40000000002328;36.59999999997672;
194;2.199999999953434;0;0.7000000000698492;0.09999999997671694;0.9000000000232831;0.19999999995343387;1.7000000000698492;0.5999999999767169;4.099999999976717;2.300000000046566;25.800000000046566;9.29999999993015;35;20.400000000023283;64.90000000002328;36.300000000046566;
195;2.099999999976717;0;0.6999999999534339;0.09999999997671694;1;0.2000000000698492;2;0.6999999999534339;4.300000000046566;2.199999999953434;14.900000000023283;9.099999999976717;32.29999999993015;20.599999999976717;58.5;36.300000000046566;
196;1.900000000023283;0;0.8000000000465661;0;1.3000000000465661;0.19999999995343387;1.7000000000698492;0.5;4.199999999953434;2.300000000046566;16.199999999953434;9.300000000046566;32.09999999997672;20.400000000023283;55.89999999990687;36.40000000002328;
197;2.099999999976717;0;0.5999999999767169;0;0.7000000000698492;0.19999999995343387;1.6000000000931323;0.5999999999767169;4;2.299999999930151;15;9.099999999976717;31.900000000023283;20.400000000023283;55.90000000002328;36.90000000002328;
198;1.900000000023283;0;0.6000000000931323;0.09999999997671694;0.5;0.09999999997671694;1.5;0.6000000000931323;4.599999999976717;2.200000000069849;15;9.300000000046566;43.20000000006985;20.599999999976717;56.300000000046566;36.5;
199;1.400000000023283;0.09999999997671694;1.400000000023283;0;1;0.09999999997671694;1.400000000023283;0.5999999999767169;4.400000000023283;2.199999999953434;15.5;9.29999999993015;32.40000000002328;20.900000000023283;65;36.699999999953434;
200;1.2000000000698492;0;1.400000000023283;0.09999999997671694;1;0.10000000009313226;1.599999999976717;0.5;4.300000000046566;2.299999999930151;15;9.400000000023283;33.09999999997672;20.5;55.40000000002328;36.5;
201;2.200000000069849;0;0.7999999999301508;0;1;0.10000000009313226;1.8999999999068677;0.6000000000931323;4.399999999906868;2.400000000023283;15.300000000046566;9.29999999993015;32.59999999997672;20.5;64.20000000006985;37.199999999953434;
202;2.300000000046566;0.09999999997671694;0.7000000000698492;0;1;0.19999999995343387;1.7000000000698492;0.5999999999767169;4.599999999976717;2.300000000046566;15.699999999953434;9.100000000093132;32.800000000046566;20.699999999953434;55;37;
203;1.099999999976717;0.2000000000698492;1.1999999999534339;0.10000000009313226;0.7999999999301508;0.09999999997671694;1.8000000000465661;0.5;4.400000000023283;2.199999999953434;16.199999999953434;9.300000000046566;32.5;21.099999999976717;64;36.699999999953434;
204;2;0;1.5;0;1;0.10000000009313226;1.6999999999534339;0.5999999999767169;3.900000000023283;2.300000000046566;16;9.199999999953434;32.199999999953434;20.800000000046566;58.09999999997672;37.10000000009313;
205;1.900000000023283;0;0.8000000000465661;0;0.9000000000232831;0.09999999997671694;1.5;0.5;8.099999999976717;4.100000000093132;18.400000000023283;9.29999999993015;32.09999999997672;20.599999999976717;55.800000000046566;36.59999999997672;
206;1.099999999976717;0.10000000009313226;0.9000000000232831;0;3.400000000023283;0.2999999999301508;8.600000000093132;0.5999999999767169;4.599999999976717;2.300000000046566;14.699999999953434;9.199999999953434;32.20000000006985;20.699999999953434;55.70000000006985;35.79999999993015;
207;2.199999999953434;0.10000000009313226;0.7999999999301508;0.10000000009313226;1.099999999976717;0.19999999995343387;1.7000000000698492;0.5;4.099999999976717;2.199999999953434;15.399999999906868;9.300000000046566;32.09999999997672;20.600000000093132;64.5;35.59999999997672;
208;2.099999999976717;0;0.9000000000232831;0.09999999997671694;1;0.2000000000698492;1.6999999999534339;0.6999999999534339;4.399999999906868;2.300000000046566;14.70000000006985;9.199999999953434;31.900000000023283;20.70000000006985;57.90000000002328;36.29999999993015;
209;2.099999999976717;0;0.7000000000698492;0;0.6999999999534339;0.2000000000698492;1.5;0.5999999999767169;4.099999999976717;2.300000000046566;14.900000000023283;9.199999999953434;32;20.20000000006985;56.09999999997672;36.40000000002328;
210;1.900000000023283;0;0.5999999999767169;0.19999999995343387;0.9000000000232831;0.09999999997671694;1.7000000000698492;0.5999999999767169;4.099999999976717;2.400000000023283;14.900000000023283;9.300000000046566;31.5;20.400000000023283;56.20000000006985;36.29999999993015;
211;2.400000000023283;0.09999999997671694;0.6999999999534339;0.10000000009313226;0.7999999999301508;0.09999999997671694;1.6999999999534339;0.5;4.200000000069849;2.299999999930151;15;9.20000000006985;32.70000000006985;20.29999999993015;67.29999999993015;36.5;
212;1.900000000023283;0;0.6999999999534339;0;0.7000000000698492;0.19999999995343387;1.5;0.7000000000698492;4;2.199999999953434;15;9.099999999976717;32.09999999997672;20.5;55.09999999997672;36.300000000046566;
213;2;0.2000000000698492;0.6999999999534339;0;0.9000000000232831;0.19999999995343387;11.599999999976717;0.5999999999767169;5.400000000023283;3.200000000069849;15.79999999993015;9.099999999976717;32.29999999993015;20.5;68.59999999997672;36.300000000046566;
214;2.099999999976717;0;0.8000000000465661;0;0.8000000000465661;0.19999999995343387;1.400000000023283;0.5999999999767169;4.300000000046566;2.199999999953434;15;9.20000000006985;42.199999999953434;20.20000000006985;56.20000000006985;36.29999999993015;
215;2;0;0.6000000000931323;0.09999999997671694;0.8000000000465661;0.09999999997671694;1.6999999999534339;0.5;4.200000000069849;2.400000000023283;15.800000000046566;9.29999999993015;32.29999999993015;20.300000000046566;55.70000000006985;36.199999999953434;
216;1.2000000000698492;0;1.099999999976717;0;4.5;0.2000000000698492;10.199999999953434;0.6000000000931323;6.400000000023283;2.199999999953434;14.900000000023283;9.099999999976717;31.900000000023283;20.399999999906868;56.40000000002328;36.40000000002328;
217;2.099999999976717;0;0.5999999999767169;0;0.6999999999534339;0.2000000000698492;1.5;0.5;4.200000000069849;2.299999999930151;14.900000000023283;8.900000000023283;32.40000000002328;20.300000000046566;54.90000000002328;36.09999999997672;
218;2.299999999930151;0;0.7000000000698492;0.09999999997671694;0.9000000000232831;0.19999999995343387;1.599999999976717;0.6000000000931323;4.399999999906868;2.099999999976717;15.70000000006985;9.099999999976717;41;20.5;57;36.300000000046566;
219;1.900000000023283;0;0.8000000000465661;0.09999999997671694;1;0.09999999997671694;1.599999999976717;0.5;4.199999999953434;2.400000000023283;15.099999999976717;9.100000000093132;32.09999999997672;20.5;55.40000000002328;35.90000000002328;
220;1.7999999999301508;0.10000000009313226;0.6999999999534339;0;0.9000000000232831;0.09999999997671694;2;0.6000000000931323;4.5;2.199999999953434;23.20000000006985;10.099999999976717;41.09999999997672;20.600000000093132;55;35.699999999953434;
221;2.400000000023283;0.09999999997671694;0.9000000000232831;0.09999999997671694;0.9000000000232831;0.19999999995343387;1.6999999999534339;0.6000000000931323;4;2.299999999930151;16.70000000006985;9.099999999976717;32;21.70000000006985;55.59999999997672;36.59999999997672;
222;2.099999999976717;0;0.6999999999534339;0;0.8000000000465661;0.19999999995343387;1.599999999976717;0.7000000000698492;4.199999999953434;2.400000000023283;15.699999999953434;9.099999999976717;31.79999999993015;20.5;56;36.20000000006985;
223;2.300000000046566;0;0.8000000000465661;0.09999999997671694;0.6999999999534339;0.09999999997671694;1.2999999999301508;0.5999999999767169;4.600000000093132;2.3999999999068677;14.900000000023283;9;33.59999999997672;19.900000000023283;58.5;36.5;
224;1.099999999976717;0.09999999997671694;1.400000000023283;0;0.9000000000232831;0.09999999997671694;1.599999999976717;0.5999999999767169;4;2.300000000046566;15.099999999976717;9.20000000006985;31.5;20.099999999976717;56;36;
225;2.099999999976717;0;0.6999999999534339;0.10000000009313226;1;0.19999999995343387;1.5;0.5999999999767169;4.100000000093132;2.3999999999068677;14.79999999993015;9.099999999976717;32.79999999993015;20.20000000006985;55.29999999993015;36.20000000006985;
226;2.099999999976717;0;0.6999999999534339;0;1.1999999999534339;0.10000000009313226;1.7999999999301508;0.5;3.900000000023283;2.300000000046566;15;8.800000000046566;32.300000000046566;20.29999999993015;54.90000000002328;36.29999999993015;
227;2.300000000046566;0;0.6999999999534339;0;0.8000000000465661;0.19999999995343387;9;0.7000000000698492;4.400000000023283;2.199999999953434;15;9.099999999976717;33.29999999993015;20.300000000046566;55.300000000046566;38;
228;0.9000000000232831;0;1.3999999999068677;0;0.9000000000232831;0.09999999997671694;1.6999999999534339;0.5;4.099999999976717;2.400000000023283;14.900000000023283;8.900000000023283;33.59999999997672;20.599999999976717;64.40000000002328;38.59999999997672;
229;2.200000000069849;0;0.6999999999534339;0;0.8000000000465661;0.09999999997671694;1.7000000000698492;0.5;4.400000000023283;2.299999999930151;15;9;33;21.399999999906868;55.300000000046566;37.29999999993015;
230;2.199999999953434;0;0.6999999999534339;0.10000000009313226;2.800000000046566;0.19999999995343387;7.099999999976717;0.5999999999767169;4.5;2.400000000023283;15.699999999953434;9.099999999976717;32.20000000006985;21.900000000023283;57.70000000006985;37.29999999993015;
231;2.8999999999068677;0;0.6999999999534339;0.09999999997671694;1.099999999976717;0.2000000000698492;1.6999999999534339;0.7000000000698492;4.299999999930151;2.5;23.300000000046566;9.900000000023283;42.40000000002328;20.400000000023283;55.300000000046566;37.199999999953434;
232;2;0.10000000009313226;0.6999999999534339;0.09999999997671694;0.9000000000232831;0.19999999995343387;1.6000000000931323;0.5999999999767169;4.199999999953434;2.6000000000931323;15.79999999993015;9;32.199999999953434;21.800000000046566;56.10000000009313;37.39999999990687;
233;2.299999999930151;0;0.9000000000232831;0.09999999997671694;1.400000000023283;0.19999999995343387;1.5;0.5999999999767169;4;2.299999999930151;15.800000000046566;9.300000000046566;32.09999999997672;21.599999999976717;57.5;36.09999999997672;
234;2.099999999976717;0.09999999997671694;0.7000000000698492;0;0.8000000000465661;0.09999999997671694;1.400000000023283;0.5999999999767169;4.199999999953434;2.300000000046566;15.099999999976717;9.20000000006985;32.29999999993015;20.300000000046566;56;36.09999999997672;
235;2.099999999976717;0.09999999997671694;0.6000000000931323;0;0.7999999999301508;0.10000000009313226;1.7999999999301508;0.5;4.099999999976717;2.199999999953434;15.5;9.29999999993015;33.699999999953434;20.400000000023283;55.70000000006985;36.300000000046566;
236;2.199999999953434;0.10000000009313226;0.6999999999534339;0;0.9000000000232831;0.19999999995343387;1.599999999976717;0.6999999999534339;4.099999999976717;2.300000000046566;16.400000000023283;9.300000000046566;32.09999999997672;20;56.10000000009313;36.5;
237;2.199999999953434;0;0.6999999999534339;0;0.9000000000232831;0.2000000000698492;1.6999999999534339;0.5999999999767169;4.100000000093132;2.3999999999068677;14.599999999976717;9.099999999976717;41.79999999993015;20.400000000023283;58.699999999953434;36.300000000046566;
238;2.400000000023283;0;0.9000000000232831;0;0.8000000000465661;0.09999999997671694;1.5;0.5999999999767169;4.100000000093132;2.3999999999068677;15.199999999953434;9.199999999953434;32;20.300000000046566;55.199999999953434;36.10000000009313;
239;2.200000000069849;0;0.5999999999767169;0;0.8000000000465661;0.19999999995343387;1.7000000000698492;0.5;4.5;2.199999999953434;15.399999999906868;9;32.29999999993015;20.400000000023283;55.09999999997672;36.5;
240;1.900000000023283;0;0.8000000000465661;0.09999999997671694;0.5999999999767169;0.2000000000698492;2;0.6999999999534339;3.900000000023283;2.200000000069849;14.900000000023283;9.099999999976717;32.40000000002328;20.900000000023283;56.09999999997672;37.300000000046566;
241;2.200000000069849;0;0.6999999999534339;0;0.7999999999301508;0.2000000000698492;1.599999999976717;0.5999999999767169;4.100000000093132;2.199999999953434;16.300000000046566;9.29999999993015;32.699999999953434;20.699999999953434;56;36.59999999997672;
242;2.200000000069849;0;0.5999999999767169;0.09999999997671694;0.9000000000232831;0.30000000004656613;1.5;0.5;4.699999999953434;2.300000000046566;15.400000000023283;9.099999999976717;32.40000000002328;20.599999999976717;55.90000000002328;35.89999999990687;
243;2.300000000046566;0;0.7999999999301508;0;1.5;0.10000000009313226;1.2999999999301508;0.6000000000931323;4;2.099999999976717;14.70000000006985;9.099999999976717;32;20.20000000006985;59.699999999953434;35.90000000002328;
244;2.299999999930151;0;0.5999999999767169;0.09999999997671694;0.8000000000465661;0;1.599999999976717;0.5;3.900000000023283;2.199999999953434;15.399999999906868;9.100000000093132;31.800000000046566;20.29999999993015;65.80000000004657;35.90000000002328;
245;2.300000000046566;0;0.5999999999767169;0.10000000009313226;0.8999999999068677;0.2000000000698492;1.5;0.5999999999767169;4.099999999976717;2.200000000069849;15.5;9.199999999953434;32.5;20.099999999976717;55.59999999997672;36.199999999953434;
246;1.1999999999534339;0;1.3000000000465661;0.09999999997671694;1;0.2000000000698492;1.6999999999534339;0.5999999999767169;3.8999999999068677;2.300000000046566;14.5;8.900000000023283;32.09999999997672;20.199999999953434;64.79999999993015;36;
247;2.199999999953434;0.09999999997671694;0.5;0.10000000009313226;0.6999999999534339;0.2000000000698492;1.599999999976717;0.5;3.900000000023283;2.299999999930151;15.800000000046566;9.199999999953434;32.09999999997672;20.300000000046566;67.5;36.09999999997672;
248;1.3999999999068677;0;1.1999999999534339;0.10000000009313226;1;0.09999999997671694;1.599999999976717;0.6000000000931323;4;2.3999999999068677;15;9;32.09999999997672;20.5;55.5;36.699999999953434;
249;2.3999999999068677;0.10000000009313226;0.5999999999767169;0.09999999997671694;1;0.19999999995343387;1.6000000000931323;0.5999999999767169;4.099999999976717;2.300000000046566;16.599999999976717;9.199999999953434;34.29999999993015;20.400000000023283;58.199999999953434;36.70000000006985;
250;2.200000000069849;0;0.5999999999767169;0;1.6000000000931323;0.5;2.900000000023283;1.3999999999068677;7;3.699999999953434;16.900000000023283;9.099999999976717;41.09999999997672;20.300000000046566;55.59999999997672;36.79999999993015;
251;2.099999999976717;0;0.5999999999767169;0.10000000009313226;0.6999999999534339;0.2000000000698492;1.6999999999534339;0.5999999999767169;4.099999999976717;2.300000000046566;15.599999999976717;9.100000000093132;32.800000000046566;20.599999999976717;57.70000000006985;36.90000000002328;
252;2.400000000023283;0;0.5999999999767169;0.09999999997671694;1.1000000000931323;0.09999999997671694;1.6999999999534339;0.5999999999767169;4.099999999976717;2.299999999930151;15.5;9.099999999976717;32.5;21.400000000023283;55;36.699999999953434;
253;2.099999999976717;0;0.5;0.09999999997671694;0.9000000000232831;0.2000000000698492;2.299999999930151;0.7000000000698492;4.099999999976717;2.400000000023283;15;9.199999999953434;41;21.100000000093132;55.5;36.70000000006985;
254;2.199999999953434;0.09999999997671694;0.8000000000465661;0;1;0.30000000004656613;2;0.5999999999767169;4.300000000046566;2.299999999930151;23.199999999953434;10.199999999953434;32.09999999997672;21.099999999976717;55.10000000009313;36.699999999953434;
255;1.7999999999301508;0;0.6999999999534339;0.09999999997671694;1;0.2000000000698492;1.6999999999534339;0.5;4.5;2.300000000046566;15;9.199999999953434;33.29999999993015;21;55.59999999997672;36.5;
256;2.3999999999068677;0.10000000009313226;0.9000000000232831;0;1;0.09999999997671694;1.8000000000465661;0.5999999999767169;4.300000000046566;2.299999999930151;15.600000000093132;9.29999999993015;32;20.300000000046566;56.10000000009313;36.39999999990687;
257;1.900000000023283;0;0.6999999999534339;0.09999999997671694;0.7000000000698492;0.09999999997671694;1.7000000000698492;0.6999999999534339;4.300000000046566;2.299999999930151;15.100000000093132;9.29999999993015;32.29999999993015;20.20000000006985;55.90000000002328;36.70000000006985;
258;2.3999999999068677;0;0.8000000000465661;0;1;0.09999999997671694;1.599999999976717;0.5999999999767169;4.300000000046566;2.300000000046566;15.199999999953434;9.099999999976717;31.599999999976717;20.599999999976717;56.39999999990687;36.60000000009313;
259;2.1000000000931323;0;1.400000000023283;0.09999999997671694;0.8000000000465661;0.2999999999301508;1.599999999976717;0.7000000000698492;3.900000000023283;2.199999999953434;14.800000000046566;9.5;31.900000000023283;20.699999999953434;59.199999999953434;36.5;
260;2;0;0.7999999999301508;0;0.8999999999068677;0.2000000000698492;1.6999999999534339;0.5999999999767169;4.400000000023283;2.300000000046566;14.900000000023283;9.29999999993015;32.29999999993015;20.70000000006985;55.70000000006985;37.5;
261;1.900000000023283;0.09999999997671694;0.6999999999534339;0;1.1000000000931323;0.19999999995343387;1.8000000000465661;0.5999999999767169;4.599999999976717;2.300000000046566;15.20000000006985;9.199999999953434;32.300000000046566;20.900000000023283;58.09999999997672;37.09999999997672;
262;2.3999999999068677;0;0.7999999999301508;0;1;0.09999999997671694;1.6999999999534339;0.5999999999767169;4.400000000023283;2.400000000023283;14.29999999993015;9.100000000093132;32.5;20.5;55.300000000046566;36.59999999997672;
263;1.7999999999301508;0.10000000009313226;1;0;1;0.19999999995343387;1.599999999976717;0.5999999999767169;4.100000000093132;2.299999999930151;15;9.199999999953434;34;20.600000000093132;56.300000000046566;36.09999999997672;
264;1.900000000023283;0;0.7000000000698492;0;1.400000000023283;0.09999999997671694;2;0.5999999999767169;4.099999999976717;2.200000000069849;15.199999999953434;9.300000000046566;40.59999999997672;20.399999999906868;56;36.79999999993015;
265;2.299999999930151;0;0.7999999999301508;0;1;0.2000000000698492;1.7999999999301508;0.5;5;2.199999999953434;14.800000000046566;9.300000000046566;32;20.900000000023283;56.59999999997672;36.699999999953434;
266;2.200000000069849;0;0.7999999999301508;0.10000000009313226;0.9000000000232831;0.09999999997671694;1.599999999976717;0.7000000000698492;4.099999999976717;2.299999999930151;16;9.20000000006985;41.09999999997672;20.800000000046566;55.800000000046566;36.59999999997672;
267;2;0;0.6000000000931323;0.09999999997671694;0.8000000000465661;0.2999999999301508;1.7000000000698492;0.6999999999534339;4.200000000069849;2.299999999930151;14.900000000023283;9.300000000046566;32.09999999997672;20.5;66.5;36.40000000002328;
268;2.200000000069849;0.09999999997671694;2;0.09999999997671694;1.6000000000931323;0.5;3.099999999976717;1.5;6.899999999906868;3.400000000023283;16.70000000006985;9.199999999953434;32;20.29999999993015;59.59999999997672;36.5;
269;2;0.09999999997671694;1.1999999999534339;0;0.9000000000232831;0.09999999997671694;1.7000000000698492;0.6999999999534339;5;2.599999999976717;15.29999999993015;9.20000000006985;32;20.599999999976717;57.699999999953434;36.70000000006985;
270;2.3999999999068677;0.10000000009313226;0.6999999999534339;0.09999999997671694;0.8000000000465661;0.19999999995343387;1.3000000000465661;0.5999999999767169;4.599999999976717;2.300000000046566;16.900000000023283;9.300000000046566;32;20.5;67.30000000004657;36.699999999953434;
271;2.400000000023283;0;0.7999999999301508;0.09999999997671694;0.7000000000698492;0.19999999995343387;1.400000000023283;0.5999999999767169;4.300000000046566;2.299999999930151;16.699999999953434;9.099999999976717;32;20.400000000023283;66.79999999993015;36.60000000009313;
272;2;0.09999999997671694;0.5999999999767169;0;0.5999999999767169;0.19999999995343387;1.7000000000698492;0.6999999999534339;4.199999999953434;2.6000000000931323;16.199999999953434;9.20000000006985;31.400000000023283;20.699999999953434;57.20000000006985;36.699999999953434;
273;2.199999999953434;0;0.7000000000698492;0;1.6999999999534339;0.2000000000698492;1.599999999976717;0.5999999999767169;4.199999999953434;2.300000000046566;15;9.400000000023283;31.699999999953434;20.5;55.40000000002328;36.699999999953434;
274;2.1000000000931323;0.09999999997671694;0.6999999999534339;0.09999999997671694;1;0.10000000009313226;1.6999999999534339;0.5999999999767169;4.200000000069849;2.400000000023283;14.599999999976717;9.20000000006985;32.90000000002328;21;55.40000000002328;37.199999999953434;
275;2.199999999953434;0;0.7000000000698492;0;0.8000000000465661;0.09999999997671694;1.5;0.5999999999767169;4.5;2.400000000023283;15;9.199999999953434;33.09999999997672;21.199999999953434;55.59999999997672;39.40000000002328;
276;2.300000000046566;0;0.8000000000465661;0;0.9000000000232831;0.19999999995343387;1.599999999976717;0.6000000000931323;4.199999999953434;2.300000000046566;15.699999999953434;9.400000000023283;32.59999999997672;20.599999999976717;55.40000000002328;37.5;
277;2;0.10000000009313226;0.6999999999534339;0.09999999997671694;1;0.2000000000698492;1.6999999999534339;0.6000000000931323;4.399999999906868;2.400000000023283;15.20000000006985;9.199999999953434;33.70000000006985;20.699999999953434;58.699999999953434;36.800000000046566;
278;1;0;2.099999999976717;0;0.8000000000465661;0.19999999995343387;1.2000000000698492;0.6999999999534339;4.099999999976717;2.300000000046566;15.70000000006985;9.199999999953434;32.09999999997672;20.5;56;37.300000000046566;
279;1.099999999976717;0;2.199999999953434;0.09999999997671694;0.9000000000232831;0.09999999997671694;1.1999999999534339;0.5999999999767169;4.200000000069849;2.299999999930151;14.70000000006985;9.199999999953434;41.29999999993015;20.599999999976717;55.90000000002328;36.5;
280;2.300000000046566;0.09999999997671694;0.8000000000465661;0;0.7999999999301508;0.2000000000698492;1.599999999976717;0.5999999999767169;4.300000000046566;2.199999999953434;15.800000000046566;9.199999999953434;32.199999999953434;20.5;57.800000000046566;36.699999999953434;
281;1.900000000023283;0;0.6999999999534339;0.09999999997671694;1.1000000000931323;0.09999999997671694;1.5;0.5999999999767169;4.400000000023283;2.599999999976717;16.5;9.099999999976717;31.400000000023283;20.599999999976717;57.5;36.79999999993015;
282;2.199999999953434;0;0.7999999999301508;0;0.9000000000232831;0.09999999997671694;1.6999999999534339;0.5999999999767169;4.300000000046566;2.400000000023283;16.899999999906868;9.400000000023283;31.900000000023283;20.599999999976717;66.39999999990687;36.70000000006985;
283;2.099999999976717;0.10000000009313226;0.6999999999534339;0.09999999997671694;0.8000000000465661;0.19999999995343387;1.6000000000931323;0.5999999999767169;4.099999999976717;2.300000000046566;16.79999999993015;9.400000000023283;40.699999999953434;20.5;57.29999999993015;36.70000000006985;
284;2.400000000023283;0;0.7000000000698492;0;1;0.2999999999301508;1.5;0.5999999999767169;4;2.299999999930151;17.5;9.300000000046566;31.300000000046566;20.400000000023283;61.70000000006985;36.699999999953434;
285;2.099999999976717;0;0.6000000000931323;0.09999999997671694;0.6999999999534339;0.09999999997671694;1.6999999999534339;0.5999999999767169;4.700000000069849;2.299999999930151;15.100000000093132;10.5;32.199999999953434;20.599999999976717;55.90000000002328;37;
286;2.200000000069849;0.09999999997671694;0.5999999999767169;0;0.7999999999301508;0.09999999997671694;1.7000000000698492;0.5999999999767169;4.199999999953434;2.400000000023283;15.70000000006985;9.29999999993015;32;20.699999999953434;57.20000000006985;36.699999999953434;
287;2;0;0.8999999999068677;0;0.7999999999301508;0.2000000000698492;1.2999999999301508;0.5999999999767169;4.300000000046566;2.199999999953434;14.599999999976717;9.199999999953434;32.5;21;58.29999999993015;36.90000000002328;
288;2.099999999976717;0;0.8000000000465661;0;0.7999999999301508;0.2000000000698492;1.5;0.6999999999534339;4;2.200000000069849;15.5;9.199999999953434;32.10000000009313;20.599999999976717;55.5;36.60000000009313;
289;1.5;0.09999999997671694;1.2999999999301508;0;0.8000000000465661;0.30000000004656613;1.6999999999534339;0.6999999999534339;3.900000000023283;2.300000000046566;16;9.099999999976717;40.699999999953434;20.70000000006985;57.90000000002328;36.70000000006985;
290;2.099999999976717;0;0.9000000000232831;0;1.1999999999534339;0.09999999997671694;1.7000000000698492;0.5999999999767169;4.099999999976717;2.599999999976717;14.70000000006985;9.099999999976717;32.20000000006985;20.5;56.09999999997672;36.60000000009313;
291;2;0.09999999997671694;0.7000000000698492;0.09999999997671694;1.099999999976717;0.09999999997671694;1.900000000023283;0.5;4.699999999953434;2.300000000046566;14.70000000006985;9.29999999993015;32.300000000046566;20.400000000023283;56.40000000002328;36.5;
292;1.6000000000931323;0;1.3000000000465661;0.09999999997671694;1.099999999976717;0.09999999997671694;1.6000000000931323;0.5999999999767169;4.199999999953434;2.300000000046566;15.099999999976717;9.300000000046566;31.599999999976717;20.5;56.59999999997672;37.300000000046566;
293;2.199999999953434;0;0.6999999999534339;0.09999999997671694;1.1000000000931323;0.19999999995343387;1.8000000000465661;0.5999999999767169;4.099999999976717;2.400000000023283;16.29999999993015;9.800000000046566;31.70000000006985;20.399999999906868;56.70000000006985;37.29999999993015;
294;1.099999999976717;0.09999999997671694;1.400000000023283;0;0.7999999999301508;0.2000000000698492;1.400000000023283;0.5999999999767169;4.300000000046566;2.299999999930151;14.800000000046566;9.199999999953434;31.900000000023283;21;56.199999999953434;37.5;
295;2.099999999976717;0.09999999997671694;0.7000000000698492;0;1.099999999976717;0.2000000000698492;1.599999999976717;0.5999999999767169;4.099999999976717;2.300000000046566;15.900000000023283;9.29999999993015;32.29999999993015;20.599999999976717;59.699999999953434;37.300000000046566;
296;2.200000000069849;0;0.6999999999534339;0;0.9000000000232831;0.09999999997671694;1.599999999976717;0.5999999999767169;4.400000000023283;2.300000000046566;15;9.199999999953434;38.09999999997672;20.599999999976717;64.5;36.59999999997672;
297;2.199999999953434;0.09999999997671694;0.7000000000698492;0;0.7999999999301508;0.2000000000698492;1.5;0.6999999999534339;4.100000000093132;2.299999999930151;14.699999999953434;9.199999999953434;32.39999999990687;20.800000000046566;58.699999999953434;37.90000000002328;
298;1;0;1.5;0;1.1999999999534339;0.10000000009313226;1.6999999999534339;0.5999999999767169;4.200000000069849;2.199999999953434;15.300000000046566;9.199999999953434;32.699999999953434;20.699999999953434;55.59999999997672;37.59999999997672;
299;2.199999999953434;0.09999999997671694;0.7000000000698492;0.09999999997671694;1;0.19999999995343387;1.7000000000698492;0.5;4.299999999930151;2.300000000046566;14.699999999953434;9.300000000046566;32.20000000006985;20.699999999953434;55.59999999997672;37.199999999953434;
300;2.300000000046566;0;0.6999999999534339;0.09999999997671694;0.9000000000232831;0.2000000000698492;2.199999999953434;0.5999999999767169;4;2.199999999953434;15;9.20000000006985;31.800000000046566;20.5;56.09999999997672;37.40000000002328;
301;1.3000000000465661;0;1.900000000023283;0.09999999997671694;0.6999999999534339;0.19999999995343387;1.5;0.5999999999767169;4.199999999953434;2.400000000023283;16.199999999953434;9.300000000046566;33.300000000046566;20.599999999976717;56.199999999953434;37.300000000046566;
302;1.900000000023283;0;0.9000000000232831;0;1;0.2000000000698492;1.7999999999301508;0.7000000000698492;4.299999999930151;2.300000000046566;15;9.199999999953434;31.599999999976717;20.79999999993015;56.40000000002328;37.09999999997672;
303;1.2000000000698492;0.09999999997671694;1.3000000000465661;0;0.5999999999767169;0.2000000000698492;1.1999999999534339;0.5999999999767169;4;2.200000000069849;16.199999999953434;9.70000000006985;31.800000000046566;20.599999999976717;56.20000000006985;37.5;
304;2.300000000046566;0;0.6999999999534339;0.10000000009313226;0.6999999999534339;0.09999999997671694;1.5;0.6000000000931323;4;2.5;15.099999999976717;9.400000000023283;32.5;20.899999999906868;59;37.300000000046566;
305;2;0;0.5999999999767169;0.10000000009313226;1.2999999999301508;0.09999999997671694;1.8999999999068677;0.7000000000698492;4.099999999976717;2.300000000046566;15;9.099999999976717;32.59999999997672;21;64.30000000004657;36.90000000002328;
306;2.300000000046566;0.09999999997671694;0.5999999999767169;0.10000000009313226;1.5;0.09999999997671694;1.3000000000465661;0.6999999999534339;4;2.200000000069849;15.29999999993015;9.400000000023283;32.29999999993015;20.800000000046566;64.30000000004657;36.90000000002328;
307;2.300000000046566;0.09999999997671694;0.6999999999534339;0;0.9000000000232831;0.09999999997671694;1.6999999999534339;0.5999999999767169;4.399999999906868;2.300000000046566;15.099999999976717;9.400000000023283;33;21;56.29999999993015;37.90000000002328;
308;2.199999999953434;0;0.6000000000931323;0.09999999997671694;0.8000000000465661;0.19999999995343387;1.6999999999534339;0.6000000000931323;4;2.199999999953434;16.100000000093132;9.29999999993015;34.699999999953434;20.599999999976717;56.39999999990687;37.90000000002328;
309;2.199999999953434;0;0.6000000000931323;0.09999999997671694;0.9000000000232831;0.19999999995343387;1.5;0.5999999999767169;4.400000000023283;2.300000000046566;14.900000000023283;9.199999999953434;41.09999999997672;20.699999999953434;55.300000000046566;37.89999999990687;
310;1.3000000000465661;0;1.3000000000465661;0.09999999997671694;1.099999999976717;0.09999999997671694;2.900000000023283;1.400000000023283;7.300000000046566;3.699999999953434;17.400000000023283;9.400000000023283;32.70000000006985;20.79999999993015;64.39999999990687;37.20000000006985;
311;2.200000000069849;0;0.6999999999534339;0.10000000009313226;1;0.19999999995343387;1.5;0.7000000000698492;4.099999999976717;2.299999999930151;15.699999999953434;9.400000000023283;34.5;20.900000000023283;64.40000000002328;37.300000000046566;
312;2.099999999976717;0;0.7999999999301508;0;0.9000000000232831;0.19999999995343387;1.599999999976717;0.5;4.400000000023283;2.400000000023283;16;9.399999999906868;32.5;21;55.59999999997672;37.60000000009313;
313;2;0.09999999997671694;0.6000000000931323;0.09999999997671694;1;0.19999999995343387;1.8000000000465661;0.5999999999767169;4.300000000046566;2.3999999999068677;14.900000000023283;9.300000000046566;32;21.400000000023283;59.09999999997672;37.5;
314;3;0;1.1999999999534339;0.09999999997671694;1.099999999976717;0.10000000009313226;1.7999999999301508;0.5999999999767169;4.200000000069849;2.199999999953434;15.300000000046566;9.300000000046566;31.800000000046566;21;64.80000000004657;36.59999999997672;
315;1.8999999999068677;0.10000000009313226;0.5;0;1.099999999976717;0.19999999995343387;1.7999999999301508;0.5999999999767169;4.099999999976717;2.199999999953434;15.199999999953434;9.300000000046566;32.09999999997672;20.800000000046566;59.199999999953434;37.20000000006985;
316;1.3000000000465661;0;1.3000000000465661;0.09999999997671694;0.9000000000232831;0.2000000000698492;1.599999999976717;0.5999999999767169;7.800000000046566;4.099999999976717;18.199999999953434;9.300000000046566;33.20000000006985;20.599999999976717;55.59999999997672;37.09999999997672;
317;1.8999999999068677;0;0.8000000000465661;0;1;0.30000000004656613;1.599999999976717;0.5999999999767169;4;2.400000000023283;16.099999999976717;9.300000000046566;33.300000000046566;20.400000000023283;56.5;37.29999999993015;
318;1.8000000000465661;0.09999999997671694;0.6999999999534339;0.10000000009313226;0.8999999999068677;0.2000000000698492;2;0.5999999999767169;3.900000000023283;2.300000000046566;15;9.099999999976717;31.600000000093132;20.399999999906868;56.699999999953434;36.800000000046566;
319;2.200000000069849;0;0.8000000000465661;0;0.6999999999534339;0.2000000000698492;1.6999999999534339;0.5999999999767169;4.099999999976717;2.300000000046566;15.400000000023283;9.5;31.900000000023283;20.599999999976717;67.39999999990687;37;
320;2;0;0.7999999999301508;0.10000000009313226;0.6999999999534339;0.19999999995343387;1.2000000000698492;0.5999999999767169;4.300000000046566;2.299999999930151;15.5;9.599999999976717;31.800000000046566;20.599999999976717;55.800000000046566;37.199999999953434;
321;1.8999999999068677;0.10000000009313226;0.5999999999767169;0.09999999997671694;0.9000000000232831;0.19999999995343387;1.5;0.5999999999767169;4.200000000069849;2.299999999930151;15.599999999976717;9.400000000023283;32.300000000046566;20.699999999953434;55.5;37.699999999953434;
322;2.299999999930151;0;0.5999999999767169;0.09999999997671694;1;0.09999999997671694;1.599999999976717;0.5999999999767169;4.400000000023283;2.400000000023283;14.699999999953434;9.300000000046566;41.5;20.599999999976717;56.699999999953434;37.09999999997672;
323;1.900000000023283;0.09999999997671694;0.5999999999767169;0.09999999997671694;1;0.2000000000698492;1.599999999976717;0.5999999999767169;4.400000000023283;2.400000000023283;15.199999999953434;9.300000000046566;33.699999999953434;20.900000000023283;55.699999999953434;37.59999999997672;
324;2;0;0.5999999999767169;0;0.9000000000232831;0.2000000000698492;1.6999999999534339;0.5999999999767169;4;2.300000000046566;15.400000000023283;9.300000000046566;32.199999999953434;21;56;37.699999999953434;
325;2.099999999976717;0;1;0;0.9000000000232831;0.19999999995343387;1.599999999976717;0.7000000000698492;4.400000000023283;2.5;14.79999999993015;9.300000000046566;32;21;55.90000000002328;37.40000000002328;
326;2.400000000023283;0.09999999997671694;0.7000000000698492;0.09999999997671694;1.099999999976717;0.2000000000698492;1.5;0.6999999999534339;4;2.300000000046566;15.300000000046566;9.399999999906868;32;20.699999999953434;56.10000000009313;37.5;
327;2.200000000069849;0.09999999997671694;0.5999999999767169;0.09999999997671694;0.8000000000465661;0.30000000004656613;1.599999999976717;0.5;4.099999999976717;2.300000000046566;15.599999999976717;9.400000000023283;31.900000000023283;20.699999999953434;55.89999999990687;37.5;
328;2;0;0.5999999999767169;0;0.8999999999068677;0.2000000000698492;1.599999999976717;0.5999999999767169;4.400000000023283;2.300000000046566;14.79999999993015;9.300000000046566;40.800000000046566;20.5;55.800000000046566;37;
329;2;0.10000000009313226;0.5999999999767169;0.09999999997671694;1;0.09999999997671694;1.6000000000931323;0.5999999999767169;4;2.300000000046566;15.599999999976717;9.5;31.400000000023283;20.5;59.40000000002328;37.29999999993015;
330;2.299999999930151;0;0.6999999999534339;0.09999999997671694;1;0.2000000000698492;1.5;0.6999999999534339;4.400000000023283;2.300000000046566;14.900000000023283;9.399999999906868;32.29999999993015;20.599999999976717;56.199999999953434;37.40000000002328;
331;2.199999999953434;0.09999999997671694;0.6000000000931323;0.09999999997671694;0.6999999999534339;0.30000000004656613;1.599999999976717;0.5999999999767169;4;2.300000000046566;16.199999999953434;9.400000000023283;32.60000000009313;20.79999999993015;58.5;37.59999999997672;
332;2.099999999976717;0.10000000009313226;1.099999999976717;0.09999999997671694;1.8000000000465661;0.40000000002328306;2.800000000046566;1.1999999999534339;6.599999999976717;3.200000000069849;16.5;9.400000000023283;32;20.70000000006985;55;37.5;
333;2.400000000023283;0.09999999997671694;0.6999999999534339;0;1;0.09999999997671694;1.6999999999534339;0.6000000000931323;4.199999999953434;2.5;15.400000000023283;9.20000000006985;34.09999999997672;20.800000000046566;59.59999999997672;37.699999999953434;
334;1.5;0.09999999997671694;1.2000000000698492;0.09999999997671694;1;0.19999999995343387;1.6000000000931323;0.5999999999767169;4;2.299999999930151;15.600000000093132;9.29999999993015;41.20000000006985;20.599999999976717;55.09999999997672;37.09999999997672;
335;2.3999999999068677;0;0.7999999999301508;0;1.2000000000698492;0.19999999995343387;1.8000000000465661;0.5;3.900000000023283;2.300000000046566;15;9.199999999953434;32.29999999993015;21.300000000046566;57.09999999997672;37.70000000006985;
336;2.200000000069849;0;0.9000000000232831;0;0.6999999999534339;0.2000000000698492;1.2999999999301508;0.7000000000698492;4.199999999953434;2.400000000023283;15.300000000046566;9.300000000046566;32.09999999997672;20.900000000023283;55.10000000009313;37.09999999997672;
337;1.900000000023283;0.09999999997671694;0.7000000000698492;0.09999999997671694;0.8000000000465661;0.19999999995343387;1.599999999976717;0.6000000000931323;4.299999999930151;2.300000000046566;15.300000000046566;9.099999999976717;33.40000000002328;20.800000000046566;55.800000000046566;37.699999999953434;
338;1.099999999976717;0;1.1999999999534339;0.09999999997671694;0.8000000000465661;0.19999999995343387;1.1000000000931323;0.5999999999767169;4;2.300000000046566;15.399999999906868;9.300000000046566;32;20.800000000046566;56.20000000006985;37.29999999993015;
339;2.299999999930151;0;0.6999999999534339;0.09999999997671694;0.8000000000465661;0.19999999995343387;1.400000000023283;0.5999999999767169;4.200000000069849;2.400000000023283;14.599999999976717;9.199999999953434;31.899999999906868;20.800000000046566;55.699999999953434;37.300000000046566;
340;2.300000000046566;0;0.6999999999534339;0;1;0.2000000000698492;1.599999999976717;0.7000000000698492;4.399999999906868;2.400000000023283;15.800000000046566;9.199999999953434;31.79999999993015;20.800000000046566;55.5;37.40000000002328;
341;2;0;1.400000000023283;0;1;0.09999999997671694;1.5;0.5999999999767169;4;2.300000000046566;15.29999999993015;9.400000000023283;32.199999999953434;20.800000000046566;56.09999999997672;38.20000000006985;
342;1.099999999976717;0.10000000009313226;1.400000000023283;0.09999999997671694;0.6999999999534339;0.2000000000698492;1.5;0.5999999999767169;4.300000000046566;2.3999999999068677;14.900000000023283;9.300000000046566;32.70000000006985;20.899999999906868;55.90000000002328;37.79999999993015;
343;2.300000000046566;0;0.5999999999767169;0.09999999997671694;0.8000000000465661;0.19999999995343387;1.6000000000931323;0.5999999999767169;4.300000000046566;2.199999999953434;14.900000000023283;9.20000000006985;32.300000000046566;21.199999999953434;55.5;36.70000000006985;
344;2.200000000069849;0;0.6999999999534339;0.09999999997671694;0.9000000000232831;0.2000000000698492;1.599999999976717;0.5;3.900000000023283;2.299999999930151;15.600000000093132;9.29999999993015;41.199999999953434;20.900000000023283;55.20000000006985;36.5;
345;2.200000000069849;0;1;0.09999999997671694;0.6999999999534339;0.2000000000698492;1.6999999999534339;0.6000000000931323;4;2.199999999953434;14.800000000046566;9.099999999976717;41.09999999997672;20.5;55.09999999997672;36.60000000009313;
346;2.200000000069849;0.09999999997671694;0.6999999999534339;0.09999999997671694;0.7999999999301508;0.30000000004656613;1.599999999976717;0.5999999999767169;4.600000000093132;2.199999999953434;14.900000000023283;9.099999999976717;31.800000000046566;20.199999999953434;55.59999999997672;36.199999999953434;
347;2;0;0.8000000000465661;0.09999999997671694;0.7999999999301508;0.10000000009313226;2.099999999976717;0.5999999999767169;4;2.199999999953434;14.800000000046566;9.29999999993015;41.59999999997672;22.099999999976717;55.5;36.70000000006985;
348;2.200000000069849;0.09999999997671694;0.5999999999767169;0.10000000009313226;0.7999999999301508;0.10000000009313226;1.8999999999068677;0.6000000000931323;4.599999999976717;2.300000000046566;15.199999999953434;9.099999999976717;31.900000000023283;20.399999999906868;56.699999999953434;36.90000000002328;
349;2;0;0.7000000000698492;0.09999999997671694;1.099999999976717;0.2000000000698492;1.7999999999301508;0.9000000000232831;5.300000000046566;2.5;15.599999999976717;9.199999999953434;32.59999999997672;20.300000000046566;61.20000000006985;36.699999999953434;
350;1.099999999976717;0;0.8000000000465661;0.09999999997671694;0.9000000000232831;0.09999999997671694;2.400000000023283;0.7000000000698492;4.199999999953434;3;15.300000000046566;9.199999999953434;31.600000000093132;20.699999999953434;56.300000000046566;37.09999999997672;
351;2;0;0.8000000000465661;0;1.099999999976717;0.19999999995343387;1.7000000000698492;0.5999999999767169;4.199999999953434;2.300000000046566;17;9.5;32;20.400000000023283;56.199999999953434;37.40000000002328;
352;2.200000000069849;0.09999999997671694;0.8000000000465661;0.09999999997671694;0.9000000000232831;0.19999999995343387;1.599999999976717;0.6000000000931323;4.299999999930151;2.200000000069849;15;9.199999999953434;32.59999999997672;20.599999999976717;67.39999999990687;36.40000000002328;
353;2;0.09999999997671694;1.6999999999534339;0;2.700000000069849;0.19999999995343387;12.599999999976717;0.9000000000232831;5.100000000093132;2.3999999999068677;15.5;9.29999999993015;32.10000000009313;20.899999999906868;56.199999999953434;37;
354;2;0;0.5999999999767169;0.2000000000698492;1.1999999999534339;0.19999999995343387;1.900000000023283;0.5999999999767169;4;2.299999999930151;15.300000000046566;9.5;32.199999999953434;20.599999999976717;55.699999999953434;37.800000000046566;
355;2.099999999976717;0;0.6000000000931323;0.09999999997671694;0.7999999999301508;0.2000000000698492;1.5;0.5;4.300000000046566;2.199999999953434;15.900000000023283;9.599999999976717;31.900000000023283;20.599999999976717;55.300000000046566;38.300000000046566;
356;2.300000000046566;0;0.7999999999301508;0;0.9000000000232831;0.2000000000698492;1.599999999976717;0.5999999999767169;4.599999999976717;2.400000000023283;14.600000000093132;9.29999999993015;39.90000000002328;20.599999999976717;58.300000000046566;37.79999999993015;
357;2.3999999999068677;0.2000000000698492;1.400000000023283;0.09999999997671694;1.5;0.30000000004656613;2.799999999930151;1.400000000023283;6.700000000069849;3.199999999953434;16.400000000023283;9.099999999976717;32.5;20.599999999976717;55.39999999990687;37.800000000046566;
358;2.199999999953434;0.09999999997671694;0.5999999999767169;0.10000000009313226;0.7999999999301508;0.09999999997671694;1.400000000023283;0.5999999999767169;4.099999999976717;2.5;15.5;9.199999999953434;32.40000000002328;20.800000000046566;55.5;37.09999999997672;
359;2;0;0.6999999999534339;0.09999999997671694;0.7000000000698492;0.09999999997671694;1.599999999976717;0.5999999999767169;4;2.199999999953434;14.70000000006985;9.199999999953434;33.20000000006985;20.400000000023283;55.300000000046566;37.09999999997672;
